0,0,../data/apache/apache.csv
0,0,../data/apache/cordova-app-harness.csv
0,0,../data/apache/isis.csv
0,0,../data/apache/maven-2.csv
0,0,../data/apache/pdfbox.csv
0,0,../data/apache/sling.csv
0,0,../data/apache/struts-site.csv
0,0,../data/apache/tomcat-connectors.csv
0,0,../data/apache/tomcat-native.csv
0,0,../data/apache/wink.csv
0,0,../data/apache/xmlbeans.csv
0,0,../data/eclipse/all.csv
0,0,../data/eclipse/ebr.csv
0,0,../data/eclipse/nosql.csv
0,0,../data/eclipse/org.eclipse.dash.test.csv
0,0,../data/eclipse/org.eclipse.featuremodel.editor.xtext.csv
0,0,../data/eclipse/org.eclipse.featuremodel.incubation.csv
0,0,../data/eclipse/org.eclipse.featuremodel.releng.csv
0,0,../data/eclipse/org.eclipse.gemini.csv
0,0,../data/eclipse/org.eclipse.incquery.examples.csv
0,0,../data/eclipse/org.eclipse.koneki.metalua.csv
0,0,../data/eclipse/org.eclipse.lyo.csv
0,0,../data/eclipse/org.eclipse.paho.apps.csv
0,0,../data/eclipse/org.eclipse.recommenders.args.csv
0,0,../data/eclipse/org.eclipse.recommenders.benchmarks.csv
0,0,../data/eclipse/org.eclipse.recommenders.examples.csv
0,0,../data/eclipse/org.eclipse.tycho.p2-fork.csv
0,0,../data/eclipse/testdir.csv
0,0,../data/gnu-git/battwd.csv
0,0,../data/gnu-git/bm.csv
0,0,../data/gnu-git/bmoviereviewer.csv
0,0,../data/gnu-git/braintacle.csv
0,0,../data/gnu-git/cgicc.csv
0,0,../data/gnu-git/chmspec.csv
0,0,../data/gnu-git/cim.csv
0,0,../data/gnu-git/color-theme.csv
0,0,../data/gnu-git/consensus.csv
0,0,../data/gnu-git/crawlpp.csv
0,0,../data/gnu-git/dbcommand.csv
0,0,../data/gnu-git/dianara.csv
0,0,../data/gnu-git/dumbado.csv
0,0,../data/gnu-git/dum.csv
0,0,../data/gnu-git/elpa.csv
0,0,../data/gnu-git/emacs-i18n.csv
0,0,../data/gnu-git/ete.csv
0,0,../data/gnu-git/flibc.csv
0,0,../data/gnu-git/fmsystem.csv
0,0,../data/gnu-git/freegw.csv
0,0,../data/gnu-git/freetype.csv
0,0,../data/gnu-git/fwt.csv
0,0,../data/gnu-git/gacela.csv
0,0,../data/gnu-git/glibc.csv
0,0,../data/gnu-git/gm2.csv
0,0,../data/gnu-git/gnu-git.csv
0,0,../data/gnu-git/graph-tool.csv
0,0,../data/gnu-git/gxinterface.csv
0,0,../data/gnu-git/hcb.csv
0,0,../data/gnu-git/hunt.csv
0,0,../data/gnu-git/iedit.csv
0,0,../data/gnu-git/ipsur.csv
0,0,../data/gnu-git/jari.csv
0,0,../data/gnu-git/jhcfonts.csv
0,0,../data/gnu-git/koha.csv
0,0,../data/gnu-git/leg.csv
0,0,../data/gnu-git/lemming.csv
0,0,../data/gnu-git/libidn2.csv
0,0,../data/gnu-git/librefm.csv
0,0,../data/gnu-git/lispac.csv
0,0,../data/gnu-git/ltib.csv
0,0,../data/gnu-git/lurker.csv
0,0,../data/gnu-git/lyxblogger.csv
0,0,../data/gnu-git/matfquad.csv
0,0,../data/gnu-git/maverik.csv
0,0,../data/gnu-git/midas.csv
0,0,../data/gnu-git/mms.csv
0,0,../data/gnu-git/motti.csv
0,0,../data/gnu-git/netzack.csv
0,0,../data/gnu-git/nitdroid.csv
0,0,../data/gnu-git/obladi.csv
0,0,../data/gnu-git/pinguino.csv
0,0,../data/gnu-git/powercurved.csv
0,0,../data/gnu-git/proxyknife.csv
0,0,../data/gnu-git/prua.csv
0,0,../data/gnu-git/pygrep.csv
0,0,../data/gnu-git/qnet.csv
0,0,../data/gnu-git/quedando.csv
0,0,../data/gnu-git/qweechat.csv
0,0,../data/gnu-git/recocalc.csv
0,0,../data/gnu-git/schedwi.csv
0,0,../data/gnu-git/snippets.csv
0,0,../data/gnu-git/social.csv
0,0,../data/gnu-git/spdict.csv
0,0,../data/gnu-git/stalkerfs.csv
0,0,../data/gnu-git/stools.csv
0,0,../data/gnu-git/t2ms.csv
0,0,../data/gnu-git/themnemeproject.csv
0,0,../data/gnu-git/trueprint.csv
0,0,../data/gnu-git/tsp.csv
0,0,../data/gnu-git/unity.csv
0,0,../data/gnu-git/virtuallslab.csv
0,0,../data/gnu-git/websec.csv
0,0,../data/gnu-git/womb.csv
0,0,../data/gnu-svn/acom-c.csv
0,0,../data/gnu-svn/afebl.csv
0,0,../data/gnu-svn/aris.csv
0,0,../data/gnu-svn/astairs.csv
0,0,../data/gnu-svn/atheist.csv
0,0,../data/gnu-svn/atpic.csv
0,0,../data/gnu-svn/avr.csv
0,0,../data/gnu-svn/awusb.csv
0,0,../data/gnu-svn/bfdada.csv
0,0,../data/gnu-svn/bm.csv
0,0,../data/gnu-svn/botcommander.csv
0,0,../data/gnu-svn/configreader.csv
0,0,../data/gnu-svn/cremone.csv
0,0,../data/gnu-svn/dumbado.csv
0,0,../data/gnu-svn/dzongkha-gnome.csv
0,0,../data/gnu-svn/emacswiki.csv
0,0,../data/gnu-svn/enigma.csv
0,0,../data/gnu-svn/espresso.csv
0,0,../data/gnu-svn/etse.csv
0,0,../data/gnu-svn/faunis.csv
0,0,../data/gnu-svn/fbi-improved.csv
0,0,../data/gnu-svn/firebrand.csv
0,0,../data/gnu-svn/flibc.csv
0,0,../data/gnu-svn/fmsystem.csv
0,0,../data/gnu-svn/free-etc-211000.csv
0,0,../data/gnu-svn/freehorse.csv
0,0,../data/gnu-svn/freeipmi.csv
0,0,../data/gnu-svn/freesdp.csv
0,0,../data/gnu-svn/frunge.csv
0,0,../data/gnu-svn/full-house.csv
0,0,../data/gnu-svn/fwt.csv
0,0,../data/gnu-svn/gmcommand.csv
0,0,../data/gnu-svn/gnewsense.csv
0,0,../data/gnu-svn/gnowsys.csv
0,0,../data/gnu-svn/gnukart.csv
0,0,../data/gnu-svn/gnuspeech.csv
0,0,../data/gnu-svn/gnutrition.csv
0,0,../data/gnu-svn/graviton.csv
0,0,../data/gnu-svn/grimoire.csv
0,0,../data/gnu-svn/gsl-shell.csv
0,0,../data/gnu-svn/haploid.csv
0,0,../data/gnu-svn/intifada.csv
0,0,../data/gnu-svn/jbackpack.csv
0,0,../data/gnu-svn/jslr.csv
0,0,../data/gnu-svn/kap.csv
0,0,../data/gnu-svn/khavi.csv
0,0,../data/gnu-svn/koboldsquest-dev.csv
0,0,../data/gnu-svn/kopi.csv
0,0,../data/gnu-svn/kyto.csv
0,0,../data/gnu-svn/lamacms.csv
0,0,../data/gnu-svn/leilany.csv
0,0,../data/gnu-svn/libtmcg.csv
0,0,../data/gnu-svn/listerola.csv
0,0,../data/gnu-svn/listhelper.csv
0,0,../data/gnu-svn/lmi.csv
0,0,../data/gnu-svn/lord.csv
0,0,../data/gnu-svn/lordsawar.csv
0,0,../data/gnu-svn/mailertls.csv
0,0,../data/gnu-svn/maverik.csv
0,0,../data/gnu-svn/midas.csv
0,0,../data/gnu-svn/motti.csv
0,0,../data/gnu-svn/muesli.csv
0,0,../data/gnu-svn/m-utils.csv
0,0,../data/gnu-svn/mytcpclient.csv
0,0,../data/gnu-svn/nitdroid.csv
0,0,../data/gnu-svn/nodes-ai.csv
0,0,../data/gnu-svn/objective-gtk.csv
0,0,../data/gnu-svn/openclone.csv
0,0,../data/gnu-svn/paparazzi.csv
0,0,../data/gnu-svn/paranoia.csv
0,0,../data/gnu-svn/pdf.csv
0,0,../data/gnu-svn/phpgroupware.csv
0,0,../data/gnu-svn/phpsdl-ng.csv
0,0,../data/gnu-svn/pinguino.csv
0,0,../data/gnu-svn/pktools.csv
0,0,../data/gnu-svn/pointerpp.csv
0,0,../data/gnu-svn/pygrep.csv
0,0,../data/gnu-svn/python-gnucash.csv
0,0,../data/gnu-svn/rcarpooling.csv
0,0,../data/gnu-svn/rdiff-backup.csv
0,0,../data/gnu-svn/recocalc.csv
0,0,../data/gnu-svn/rfree.csv
0,0,../data/gnu-svn/self-platform.csv
0,0,../data/gnu-svn/simroof.csv
0,0,../data/gnu-svn/snippets.csv
0,0,../data/gnu-svn/sourceinstall.csv
0,0,../data/gnu-svn/spiderxml.csv
0,0,../data/gnu-svn/stalemate.csv
0,0,../data/gnu-svn/style-guide.csv
0,0,../data/gnu-svn/swtscore.csv
0,0,../data/gnu-svn/sysvinit.csv
0,0,../data/gnu-svn/tcldrop.csv
0,0,../data/gnu-svn/testyeight.csv
0,0,../data/gnu-svn/testyten.csv
0,0,../data/gnu-svn/tidydoc.csv
0,0,../data/gnu-svn/tinyogg.csv
0,0,../data/gnu-svn/tovero.csv
0,0,../data/gnu-svn/trombi.csv
0,0,../data/gnu-svn/uqjau.csv
0,0,../data/gnu-svn/urip.csv
0,0,../data/gnu-svn/vcma.csv
0,0,../data/gnu-svn/virtuallslab.csv
0,0,../data/gnu-svn/wallpapoz.csv
0,0,../data/gnu-svn/watchvideo.csv
0,0,../data/gnu-svn/win7trans.csv
0,0,../data/gnu-svn/xtogen.csv
0,0,../data/gnu-svn/zeusarch.csv
0,0,../data/sourceware/archer.csv
12,12,../data/eclipse/upr.csv
13,13,../data/eclipse/efxclipse.csv
14,14,../data/eclipse/xwt.csv
14,14,../data/gnu-git/nano.csv
31,31,../data/gnu-git/chameleon.csv
40,40,../data/eclipse/org.eclipse.riena.setup.csv
44,44,../data/apache/cordova-labs.csv
49,49,../data/eclipse/phoenix-test.csv
56,56,../data/gnu-git/incubator.csv
69,69,../data/gnu-git/hurd.csv
72,72,../data/eclipse/xtext.csv
74,74,../data/gnu-git/dotgnu-pnet.csv
98,98,../data/eclipse/flags.csv
110,110,../data/gnu-git/mechsys.csv
115,115,../data/eclipse/org.eclipse.mylyn.all.csv
118,118,../data/gnu-git/buildballs.csv
133,133,../data/eclipse/org.eclipse.epf.design.csv
163,163,../data/eclipse/kepler.csv
165,165,../data/gnu-git/sav.csv
173,173,../data/eclipse/errors.csv
175,175,../data/gnu-svn/napalm.csv
185,185,../data/eclipse/friends.csv
192,192,../data/eclipse/org.eclipse.emf.refactor.core.csv
209,209,../data/eclipse/go.csv
210,210,../data/eclipse/archived.csv
213,196,../data/eclipse/images.csv
23455,0,../data/gnu-svn/grub-extras.csv
238,238,../data/gnu-git/dynzip.csv
266,266,../data/eclipse/eclipse4.csv
275,275,../data/eclipse/screenshots.csv
279,279,../data/eclipse/contribute.csv
290,290,../data/gnu-git/dink-data.csv
313,311,../data/gnu-git/perl-pesel.csv
321,321,../data/eclipse/org.eclipse.rap.incubator.osgi-packaging.csv
360,360,../data/apache/servicemix-pom.csv
360,360,../data/eclipse/10years.csv
385,385,../data/eclipse/ide4edu.csv
399,399,../data/gnu-svn/diffcolor.csv
408,408,../data/eclipse/security.csv
414,414,../data/eclipse/mobile.csv
467,376,../data/eclipse/committers.csv
467,467,../data/gnu-git/hacks.csv
475,474,../data/eclipse/corporate_sponsors.csv
477,477,../data/eclipse/org.eclipse.hudson.plugins.birt-charts.csv
498,498,../data/eclipse/org.eclipse.cdt.master.csv
499,242,../data/eclipse/documentation.csv
513,513,../data/eclipse/org.eclipse.stardust.csv
517,517,../data/eclipse/egit-github.csv
545,545,../data/gnu-svn/ygphpcli.csv
573,573,../data/apache/chemistry-jsclient.csv
588,588,../data/eclipse/org.eclipse.jetty.orbit.csv
589,589,../data/eclipse/org.eclipse.virgo.kernel-system-verification-tests.csv
596,406,../data/eclipse/swtbot.csv
612,612,../data/eclipse/org.eclipse.stardust.product.csv
622,502,../data/eclipse/m2e.csv
631,631,../data/eclipse/org.eclipse.jetty.parent.csv
647,647,../data/eclipse/org.eclipse.stardust.repository.csv
656,656,../data/eclipse/org.eclipse.virgo.sample-osgi-examples.csv
685,273,../data/eclipse/diffmerge.csv
688,688,../data/eclipse/featuremodel.csv
697,697,../data/eclipse/egf.csv
729,729,../data/gnu-git/aetherspace.csv
789,740,../data/eclipse/org.eclipse.ptp.master.csv
789,789,../data/eclipse/org.eclipse.jetty.npn.csv
790,790,../data/eclipse/skalli.csv
803,803,../data/apache/activemq-stomp.csv
803,803,../data/gnu-git/pdfcom.csv
831,831,../data/eclipse/org.eclipse.sisu.mojos.csv
834,834,../data/eclipse/sphinx.csv
835,835,../data/eclipse/damos.csv
847,847,../data/eclipse/m2e-wtp.csv
847,847,../data/eclipse/naming.csv
851,851,../data/gnu-git/snailbbs.csv
886,777,../data/eclipse/org.eclipse.rap.incubator.releng.csv
893,893,../data/eclipse/viatra2.csv
895,895,../data/eclipse/org.eclipse.actf.visualization.releng.csv
905,905,../data/eclipse/licenses.csv
913,913,../data/eclipse/libra.csv
926,926,../data/eclipse/org.eclipse.cbi.maven.plugins.csv
928,928,../data/eclipse/windowbuilder.csv
948,948,../data/gnu-svn/wined3d.csv
963,963,../data/eclipse/org.eclipse.examples.imageutils.csv
966,966,../data/eclipse/vex.csv
968,764,../data/eclipse/sisu.csv
971,971,../data/gnu-git/roundedge.csv
974,974,../data/eclipse/mft.csv
977,645,../data/eclipse/dash.csv
1093,971,../data/gnu-git/corepkg.csv
1316,129,../data/eclipse/org.eclipse.epf.docs.csv
26387,41,../data/apache/trafficserver-plugins.csv
2797,314,../data/eclipse/mail.csv
294443,0,../data/gnu-svn/grub.csv
1026,1026,../data/eclipse/org.eclipse.rap.incubator.dropdown.csv
1028,1028,../data/gnu-git/cunningbot.csv
1038,1038,../data/eclipse/org.eclipse.jetty.admin.csv
1039,1039,../data/gnu-svn/csv2itdb.csv
10409,752,../data/eclipse/eclipse.pde.csv
1047,1035,../data/eclipse/rt.csv
1049,1049,../data/eclipse/artwork.csv
1058,1058,../data/eclipse/vjet.csv
1061,1061,../data/gnu-git/morphlt.csv
1081,1081,../data/gnu-git/chkpkglic.csv
1109,1109,../data/gnu-git/radioman.csv
1110,1110,../data/gnu-git/postzilla.csv
1122,1122,../data/gnu-git/arouter.csv
1123,1123,../data/gnu-git/viny.csv
1138,1138,../data/gnu-git/menush.csv
1175,1175,../data/gnu-git/scon.csv
1178,1161,../data/gnu-git/rssbiff.csv
1203,1203,../data/gnu-svn/wui.csv
1217,1217,../data/gnu-svn/argpbook.csv
1224,1224,../data/eclipse/org.eclipse.vjet.all.csv
1231,1231,../data/gnu-git/archup.csv
1252,1252,../data/gnu-git/sft.csv
1260,1130,../data/eclipse/users.csv
1267,1267,../data/eclipse/jpa.csv
1272,1272,../data/gnu-git/git2cl.csv
1274,1274,../data/eclipse/sca.csv
1282,1282,../data/eclipse/aether.csv
129530,62,../data/gnu-git/fxscintilla.csv
1296,1296,../data/gnu-git/io8oi.csv
1308,1308,../data/eclipse/ebam.csv
1339,1339,../data/eclipse/org.eclipse.paho.esf.csv
1350,1350,../data/gnu-git/indent-stat.csv
1356,1356,../data/gnu-git/pms-equity-india.csv
1384,1384,../data/gnu-git/zphone.csv
1385,1385,../data/eclipse/mmt.csv
1389,1389,../data/eclipse/org.eclipse.epf.features.csv
1402,1402,../data/eclipse/scout.csv
1403,1403,../data/eclipse/org.eclipse.hudson.test.ui.csv
1428,1428,../data/gnu-git/bbapplet.csv
1454,1431,../data/eclipse/tcf.csv
1466,1466,../data/gnu-git/netkitty.csv
1472,1472,../data/gnu-svn/lithionite.csv
1533,1533,../data/gnu-git/beautifulwork.csv
1543,1543,../data/apache/servicemix4-legal.csv
1562,1562,../data/gnu-git/freetalkpy.csv
1571,1571,../data/eclipse/egit-training.csv
1576,1576,../data/eclipse/gyrex.csv
1578,1578,../data/eclipse/gyrex-hello-cloud.csv
1578,1578,../data/eclipse/org.eclipse.hudson.support.jaxb.csv
1581,1581,../data/gnu-git/h5md.csv
1588,1541,../data/gnu-git/adgmix.csv
1593,1593,../data/eclipse/pulsar.csv
1610,1221,../data/gnu-git/perl-depends.csv
1611,1611,../data/gnu-git/gmailreader.csv
1620,1620,../data/gnu-git/diary.csv
1631,1631,../data/eclipse/donate.csv
1642,1596,../data/gnu-git/etherdogsc.csv
1645,1645,../data/eclipse/org.eclipse.emf.ecp.releng.csv
1654,1654,../data/gnu-git/assange.csv
1656,1656,../data/gnu-git/ldpscapy.csv
1661,1661,../data/eclipse/emf-refactor.csv
1683,1683,../data/eclipse/org.eclipse.virgo.sample-configuration-properties.csv
1703,1703,../data/eclipse/management.csv
1710,1296,../data/gnu-git/ddir.csv
1740,1736,../data/eclipse/org.eclipse.stardust.build.tools.csv
1747,1747,../data/gnu-svn/sgannon.csv
1767,1767,../data/gnu-git/timetrack.csv
1772,1333,../data/eclipse/juno.csv
1772,1772,../data/gnu-git/timeentry.csv
1785,1785,../data/eclipse/aether-update-site.csv
1796,1796,../data/eclipse/org.eclipse.simrel.build.csv
1806,1550,../data/gnu-git/imapbiff.csv
1844,1844,../data/eclipse/org.eclipse.recommenders.releng.csv
1848,1848,../data/eclipse/aether-demo.csv
1855,1855,../data/gnu-git/d4firewall.csv
1866,1866,../data/eclipse/org.eclipse.emf.refactor.features.csv
1879,1879,../data/eclipse/gyrex-mongodb-persistence.csv
1883,1714,../data/gnu-git/hhm.csv
1884,1884,../data/eclipse/eef.csv
1918,1918,../data/gnu-git/rapidiapo.csv
1919,1919,../data/gnu-git/dtrt-indent.csv
1934,1934,../data/eclipse/org.eclipse.m2e.wtp.jpa.csv
1941,1941,../data/eclipse/bpmn2-modeler.csv
1943,1943,../data/eclipse/org.eclipse.datatools.enablement.sap.csv
1954,1954,../data/eclipse/dbaccess.csv
1954,1954,../data/eclipse/gyrex-jersey-jaxrs.csv
1968,1968,../data/eclipse/org.eclipse.paho.mqtt.lua.csv
1988,1988,../data/gnu-git/fritzcontact.csv
2006,2006,../data/eclipse/org.eclipse.datatools.enablement.sqlite.csv
2015,2015,../data/gnu-git/pryscola.csv
2023,2023,../data/gnu-git/intelligence.csv
2025,2025,../data/eclipse/r4e.csv
2051,2051,../data/gnu-git/glfsc.csv
2054,2054,../data/eclipse/m2e-discovery-catalog.csv
2055,2055,../data/apache/log4j-zeroconf.csv
2063,2034,../data/gnu-git/magiadni.csv
2067,2067,../data/gnu-git/openpgp-sharp.csv
2077,2077,../data/gnu-git/pigreco.csv
2081,2081,../data/gnu-git/dyna.csv
2082,2082,../data/gnu-svn/pung.csv
2093,2093,../data/eclipse/riena.csv
2117,2117,../data/gnu-git/garble.csv
2126,2126,../data/eclipse/org.eclipse.datatools.enablement.hsqldb.csv
2129,2129,../data/gnu-git/plogger.csv
2186,2186,../data/eclipse/org.eclipse.virgo.performance-test.csv
2188,2188,../data/eclipse/resources.csv
2203,2203,../data/eclipse/org.eclipse.stardust.deploy.jee.csv
2206,2206,../data/gnu-git/guile-json.csv
2222,2222,../data/gnu-git/qwo.csv
2230,1840,../data/gnu-git/kppy.csv
2238,2238,../data/gnu-git/fastcgi.csv
2241,2241,../data/gnu-git/rizomareport.csv
2248,2248,../data/eclipse/acceleo.csv
2249,2249,../data/apache/maven-pom.csv
2269,2269,../data/gnu-git/fpm.csv
2291,2291,../data/eclipse/lyo.csv
2298,2246,../data/eclipse/stardust.csv
2307,2306,../data/eclipse/emfclient.csv
2307,2307,../data/gnu-git/guile-xmlrpc.csv
2315,2315,../data/gnu-svn/ncrok.csv
2399,2399,../data/gnu-git/miaow.csv
2406,2406,../data/eclipse/gyrex-org.eclipse.persistence.nosql.csv
2412,2392,../data/eclipse/org.eclipse.hudson.tools.packaging.csv
2414,2414,../data/eclipse/org.eclipse.dash.maven.csv
2434,2337,../data/gnu-git/searchsolve.csv
2450,2450,../data/gnu-git/keepassc.csv
2497,2497,../data/gnu-git/hutos.csv
2506,2506,../data/gnu-git/pymp3frame.csv
2509,2509,../data/gnu-svn/yuvmotiontools.csv
2522,2522,../data/gnu-git/testreporter.csv
2531,2531,../data/gnu-git/sharper.csv
2542,2542,../data/eclipse/org.eclipse.jetty.releng.bundles.csv
2565,2478,../data/gnu-git/natpmp.csv
2573,2573,../data/eclipse/org.eclipse.simrel.tools.csv
2605,2473,../data/gnu-git/agplmail.csv
2627,2627,../data/gnu-git/lasso-tutorial.csv
2652,2264,../data/gnu-git/getht.csv
2657,2657,../data/gnu-git/listhelper.csv
2658,2658,../data/eclipse/org.eclipse.hudson.plugins.ssh-slaves.csv
2700,2700,../data/gnu-git/metatrace.csv
2719,2719,../data/gnu-git/copyright-update.csv
2721,2721,../data/eclipse/org.eclipse.gmf-tooling.uml2tools.releng.csv
2729,2729,../data/gnu-git/axis-profile.csv
2733,2733,../data/gnu-git/dlock.csv
2740,2740,../data/gnu-git/iiufrgs.csv
2775,2775,../data/gnu-git/bakonf.csv
2777,2777,../data/gnu-git/checksum.csv
2801,2801,../data/eclipse/geclipse.csv
2815,2815,../data/gnu-git/freecontrol.csv
2840,2840,../data/gnu-git/traydevice.csv
2850,2764,../data/eclipse/ganymede.csv
2876,2876,../data/eclipse/org.eclipse.ptp.doc.csv
2877,1157,../data/eclipse/indigo.csv
2893,2893,../data/gnu-svn/nada.csv
2898,2898,../data/eclipse/org.eclipse.featuremodel.pvbridge.csv
2922,2922,../data/eclipse/galileo.csv
2922,2922,../data/gnu-svn/mouse-graph.csv
2965,2965,../data/eclipse/org.eclipse.emf.refactor.build.csv
2983,2983,../data/eclipse/org.eclipse.datatools.enablement.postgresql.csv
3004,3004,../data/eclipse/europa.csv
3016,2499,../data/gnu-git/procfs.csv
3055,3055,../data/gnu-git/ncrok.csv
3071,3071,../data/eclipse/nattable.csv
3091,3091,../data/gnu-svn/mpd-hits.csv
3147,2752,../data/eclipse/epp.csv
3167,3167,../data/apache/directory-samples.csv
31676,733,../data/eclipse/gemini.csv
3179,2999,../data/eclipse/callisto.csv
3197,3197,../data/gnu-git/rbrss.csv
3257,3257,../data/eclipse/mat.csv
3326,3326,../data/gnu-git/minife.csv
3332,3332,../data/gnu-svn/cbc-osd.csv
3356,1292,../data/eclipse/newsgroups.csv
3364,3025,../data/eclipse/org.eclipse.riena.old.csv
3373969,0,../data/apache/james.csv
3424,3424,../data/gnu-git/libttstd.csv
3482,3482,../data/eclipse/scout.rt.incubator.csv
3506,3506,../data/eclipse/org.eclipse.hudson.tools.updatecenter.csv
3518,3518,../data/gnu-git/osmskummeeplugin.csv
3603,3603,../data/gnu-git/libcasheph.csv
3656,3656,../data/gnu-git/cockroach.csv
3661,3661,../data/eclipse/japanwg.csv
3671,3671,../data/eclipse/org.eclipse.rap.incubator.spreadsheet.csv
3675,3675,../data/gnu-git/umse.csv
3690,3690,../data/gnu-svn/apporaserver.csv
3722,3722,../data/eclipse/org.eclipse.nebula.widgets.nattable.experimental.csv
3726,3726,../data/gnu-git/blkclone.csv
3735,2927,../data/eclipse/facet.csv
3742,3742,../data/eclipse/gyrex-fanshop.csv
3775,3775,../data/apache/directory-studio-plugin.csv
3817,3817,../data/gnu-git/gcontainer.csv
3862,3862,../data/gnu-git/autostrap.csv
3960,3960,../data/eclipse/org.eclipse.tycho-demo.csv
3978,3978,../data/gnu-git/reindeer-opengl.csv
4028,3988,../data/apache/cordova-app-hello-world.csv
4063,4063,../data/gnu-git/rtty.csv
4109,4109,../data/eclipse/org.eclipse.datatools.incubator.csv
4110,3424,../data/eclipse/eclipse.jdt.csv
4121,4121,../data/gnu-git/ftpsync.csv
4126,4126,../data/gnu-git/netcdf-tools.csv
4263,3229,../data/eclipse/org.eclipse.virgo.web-server.csv
4273,4273,../data/gnu-git/leo-lookup.csv
4347,4347,../data/eclipse/webtools.servertools.devsupport.csv
4384,4384,../data/gnu-git/multigraph.csv
4395,4395,../data/eclipse/org.eclipse.mihini.samples.csv
4404,3872,../data/gnu-git/shake.csv
4410,4410,../data/gnu-git/fdrdf.csv
4418,4251,../data/gnu-git/mini-httpd.csv
4465,4344,../data/eclipse/org.eclipse.riena.rap.csv
4509,4481,../data/eclipse/e4.csv
4537,4537,../data/eclipse/org.eclipse.epf.projects.csv
4587,3884,../data/gnu-git/fetchmailmon.csv
4605,4605,../data/gnu-git/marray.csv
4681,4681,../data/gnu-git/unpiggyfy.csv
4684,4684,../data/apache/maven-resources.csv
4739,4739,../data/gnu-git/tensors.csv
4787,4787,../data/gnu-git/gnapplet.csv
4834,4834,../data/gnu-git/kyto.csv
4835,4835,../data/eclipse/objectteams.csv
4856,1757,../data/apache/directory-skins.csv
4856,4856,../data/eclipse/org.eclipse.virgo.kernel-tools.csv
4865,4865,../data/gnu-git/achatina.csv
4875,4875,../data/gnu-git/skop.csv
4901,4794,../data/gnu-git/unionfs.csv
4915,4915,../data/gnu-git/identica-mode.csv
4950,4950,../data/gnu-git/gnokiifs.csv
4959,4959,../data/eclipse/webtools.maps.csv
4961,4961,../data/gnu-git/black.csv
4985,1965,../data/gnu-git/memo.csv
5011,5011,../data/eclipse/rt.equinox.binaries.csv
5024,5024,../data/gnu-git/vrtater.csv
5025,4954,../data/gnu-git/glashctl.csv
5085,5085,../data/gnu-git/topot.csv
5098,5098,../data/gnu-git/kaiser.csv
5139,4362,../data/gnu-git/castget.csv
5171,5171,../data/gnu-git/brewtools.csv
5182,5182,../data/eclipse/compare.csv
5199,5199,../data/eclipse/performance.csv
5224,5224,../data/gnu-git/gtkreindeer.csv
5256,5256,../data/gnu-git/mcron.csv
5260,5260,../data/gnu-git/chmdeco.csv
5278,5278,../data/gnu-git/tensor.csv
5316,5316,../data/gnu-git/gtkmmorse.csv
5342,5342,../data/eclipse/org.eclipse.tycho.nexus.csv
5347,5335,../data/eclipse/babel.csv
5379,4386,../data/eclipse/org.eclipse.hudson.maven-hpi-plugin.csv
5397,5397,../data/gnu-git/shrun.csv
5410,5410,../data/gnu-git/ttb.csv
5484,5484,../data/apache/karaf-cave.csv
5494,5494,../data/gnu-git/rayuela.csv
5607,5607,../data/eclipse/org.eclipse.featuremodel.evaluation.csv
5611,4478,../data/gnu-git/opus-libre.csv
5649,3934,../data/eclipse/helios.csv
5684,5684,../data/eclipse/org.eclipse.featuremodel.editor.diagram.csv
5737,5737,../data/gnu-git/basics.csv
5756,5570,../data/eclipse/technology.csv
5756,5756,../data/eclipse/graphiti.csv
5822,5822,../data/gnu-git/siplot.csv
5838,5838,../data/gnu-git/varexp.csv
5846,5846,../data/gnu-git/offlinefs.csv
5857,5857,../data/gnu-git/haploid.csv
5862,5862,../data/gnu-svn/beelib.csv
5907,5907,../data/gnu-git/sendooway.csv
5938,3276,../data/apache/streams.csv
5960,5960,../data/gnu-git/aldo.csv
5990,5990,../data/apache/httpd-docs-build.csv
6018,5915,../data/eclipse/org.eclipse.emf.emfstore.releng.csv
6067,6067,../data/eclipse/org.eclipse.scout-aggregator.csv
6089,6089,../data/gnu-git/gnokii-extras.csv
6096,6096,../data/eclipse/org.eclipse.hudson.support.gwt.csv
6125,6125,../data/eclipse/org.eclipse.datatools.enablement.oracle.csv
6148,6148,../data/gnu-svn/fotopreprocessor.csv
6151,6151,../data/gnu-git/sysync.csv
6155,6155,../data/gnu-git/ioxx.csv
6217,6217,../data/gnu-git/bitpacket.csv
6230,6230,../data/gnu-git/threadmill.csv
6233,6233,../data/eclipse/recommenders.csv
6259,6259,../data/eclipse/org.eclipse.examples.slideshow.csv
6268,5304,../data/apache/maven-repository-tools.csv
6372,5689,../data/eclipse/org.eclipse.stardust.reporting.app.web.csv
6377,6377,../data/gnu-git/ossaulib.csv
6411,6411,../data/gnu-git/velothon.csv
6513,5253,../data/gnu-git/fc2d.csv
6558,6554,../data/gnu-svn/gnucomm.csv
6698,6698,../data/gnu-svn/crawlpp.csv
6711,6711,../data/gnu-git/gtkmm-utils.csv
6712,6685,../data/eclipse/papyrus.csv
6769,6769,../data/eclipse/org.eclipse.datatools.enablement.mysql.csv
6833,6833,../data/eclipse/org.eclipse.datatools.doc.csv
6887,6887,../data/eclipse/org.eclipse.rap.incubator.fileupload.csv
6903,6903,../data/gnu-git/config.csv
6914,6914,../data/apache/cordova-firefoxos.csv
6939,6179,../data/gnu-git/cl-icalendar.csv
6974,6974,../data/eclipse/org.eclipse.koneki.protocols.csv
6975,6975,../data/eclipse/org.eclipse.virgo.osgi-test-stubs.csv
7044,7044,../data/gnu-git/jcal.csv
7056,7056,../data/eclipse/org.eclipse.rap.incubator.tabbed-properties.csv
7079,7079,../data/apache/chemistry-phpclient.csv
7089,7089,../data/gnu-git/memleak.csv
7285,7285,../data/gnu-git/dhcp-fwd.csv
7287,1871,../data/apache/log4j-component.csv
7320,7320,../data/gnu-git/myrialign.csv
7369,6550,../data/eclipse/org.eclipse.rap.incubator.clientscripting.csv
74565,307,../data/apache/apr-util.csv
7457,7457,../data/eclipse/eclipse.platform.releng.maps.csv
7473,6199,../data/eclipse/eclipselink.releng.csv
7482,7482,../data/gnu-git/csnippets.csv
7503,7503,../data/gnu-git/minstack.csv
7504,5369,../data/eclipse/org.eclipse.virgo.sample-greenpages.csv
7552,7552,../data/eclipse/emfatic.csv
7553,7553,../data/eclipse/edt.csv
7560,7560,../data/eclipse/etrice.csv
7673,7673,../data/gnu-git/pycdio.csv
7695,7695,../data/gnu-svn/ax-chess.csv
7768,7392,../data/gnu-git/rbcdio.csv
7768,7768,../data/gnu-git/bns.csv
7770,7770,../data/eclipse/org.eclipse.simrel.tests.csv
7773,7773,../data/gnu-git/handgranat.csv
7784,7784,../data/apache/cordova-qt.csv
7836,7836,../data/gnu-git/packproxy.csv
7866,6309,../data/gnu-git/magellan.csv
7885,7885,../data/gnu-git/hovel.csv
7886,7886,../data/eclipse/org.eclipse.virgo.osgi-extensions.csv
7922,5952,../data/gnu-git/mixp.csv
7981,7981,../data/gnu-git/hydra-recipes.csv
8020,8020,../data/gnu-git/lamantengo.csv
8024,8024,../data/gnu-git/wordgen.csv
8070,8070,../data/eclipse/org.eclipse.e4.releng.csv
8087,8087,../data/gnu-git/gfpoken.csv
8089,8060,../data/gnu-svn/pngpp.csv
8089,8089,../data/eclipse/org.eclipse.e4.utils.csv
8126,8126,../data/gnu-git/doc.csv
8156,8156,../data/eclipse/gyrex-javax.resource.csv
8221,8221,../data/gnu-svn/ginebra.csv
8241,8241,../data/gnu-git/grmrextractors.csv
8286,8286,../data/eclipse/org.eclipse.e4.installer.csv
8299,3626,../data/apache/struts-maven.csv
8303,8303,../data/gnu-git/bazaar.csv
8321,8321,../data/eclipse/emfstore.csv
8336,8298,../data/eclipse/eclipse.platform.news.csv
8357,8357,../data/eclipse/org.eclipse.virgo.virgo-build.csv
8480,8480,../data/eclipse/aether-ant.csv
8512,6519,../data/apache/geronimo-jaspi.csv
8531,8531,../data/apache/savan.csv
8588,8588,../data/gnu-git/dadi.csv
8611,8600,../data/gnu-git/ip-sentinel.csv
8666,8666,../data/eclipse/legal.csv
8675,8605,../data/eclipse/home.csv
8691,8595,../data/gnu-git/rascase.csv
8704,8704,../data/gnu-git/reindeer.csv
8709,8677,../data/gnu-git/complexity.csv
8790,8790,../data/gnu-git/fab.csv
8822,8822,../data/gnu-svn/reddit-shell.csv
8891,8484,../data/gnu-svn/libmatheval.csv
8989,8774,../data/eclipse/uomo.csv
8997,8997,../data/gnu-git/guile-avahi.csv
9055,9055,../data/eclipse/egit-pde.csv
9113,9111,../data/gnu-git/annual.csv
9123,8143,../data/eclipse/gyrex-search.csv
9212,9212,../data/eclipse/org.eclipse.datatools.enablement.msft.csv
9252,8544,../data/gnu-git/vmslib.csv
9256,9037,../data/eclipse/org.eclipse.hudson.plugins.cvs.csv
9328,9328,../data/gnu-git/vc-dwim.csv
9380,9380,../data/gnu-svn/h-client.csv
9410,9410,../data/apache/maven-ant-tasks.csv
9480,9480,../data/gnu-git/fixmath.csv
9519,9519,../data/apache/maven-plugin-testing.csv
9528,9528,../data/gnu-git/muttimon.csv
9529,6890,../data/eclipse/org.eclipse.mylyn.csv
9612,9612,../data/eclipse/atf.csv
9640,9640,../data/gnu-git/gpicker.csv
9646,7370,../data/gnu-git/gnurobots.csv
9752,8684,../data/eclipse/webtools.sourceediting.xsl.tests.csv
9854,9854,../data/gnu-git/paxutils.csv
9912,9912,../data/gnu-svn/libtermui.csv
9949,7881,../data/gnu-git/pcscada.csv
10038,1733,../data/gnu-git/linkloop.csv
10369,9361,../data/gnu-git/par.csv
10583,4600,../data/eclipse/org.eclipse.hudson.clients.rest.csv
10583,6824,../data/eclipse/org.eclipse.hudson.plugins.rest.csv
10956,4024,../data/eclipse/MoDisco.csv
11301,1872,../data/apache/geronimo-genesis.csv
11434,9376,../data/eclipse/gef.csv
12036,5809,../data/apache/james-postage.csv
12055,9310,../data/apache/cordova-bada.csv
126816,440,../data/sourceware/automake.csv
12757,1810,../data/apache/log4j-receivers.csv
13007,7474,../data/apache/directory-installers.csv
13500,9561,../data/eclipse/gyrex-releng.csv
13694,4978,../data/gnu-svn/scss.csv
16688,6683,../data/gnu-git/azr3-jack.csv
20613,5290,../data/eclipse/org.eclipse.jetty.sandbox.csv
21143,3050,../data/gnu-git/thales.csv
219735,156,../data/apache/solr.csv
22986,6759,../data/eclipse/jubula.csv
24160,1135,../data/gnu-git/stribog.csv
29020,1890,../data/apache/cordova-coho.csv
29085,7218,../data/eclipse/planeteclipse.org.csv
30564,3955,../data/gnu-git/pem.csv
320641,561,../data/sourceware/glibc-ports.csv
41022,7044,../data/apache/axis2-transports.csv
49845,7030,../data/gnu-git/cppi.csv
57233,9152,../data/gnu-svn/themnemeproject.csv
60419,2814,../data/gnu-git/alive.csv
10173,10173,../data/gnu-svn/ubook.csv
10194,10194,../data/gnu-git/halevt.csv
10259,10259,../data/apache/commons-exec.csv
10266,10266,../data/apache/commons-fileupload.csv
10285,10285,../data/apache/karaf-site.csv
10393,10393,../data/eclipse/org.eclipse.emf.refactor.smells.csv
10465,10465,../data/gnu-git/geiser.csv
10491,10491,../data/eclipse/org.eclipse.mylyn.versions.csv
10506,10506,../data/gnu-svn/flvstreamer.csv
10674,10228,../data/apache/james-jdkim.csv
106895,4219,../data/eclipse/org.eclipse.virgo.apps.csv
10694,10694,../data/eclipse/org.eclipse.virgo.test.csv
10695,10655,../data/eclipse/org.eclipse.virgo.sample-formtags.csv
10700,10700,../data/eclipse/org.eclipse.hudson.remoting.csv
10770,10770,../data/gnu-git/muesli.csv
10780,10780,../data/apache/incubator-hdt.csv
10815,10815,../data/eclipse/org.eclipse.emf.refactor.refactoring.csv
10832,10832,../data/eclipse/org.eclipse.virgo.system-verification-tests.csv
10835,10571,../data/apache/servicemix-archetypes.csv
10918,10918,../data/gnu-git/jlp.csv
10970,10681,../data/gnu-git/libirobot-create.csv
11014,11014,../data/eclipse/org.eclipse.tycho.extras.csv
11090,11090,../data/eclipse/temporal.csv
11091,11091,../data/apache/cordova-webos.csv
11156,11156,../data/eclipse/org.eclipse.gemini.naming.csv
11268,11268,../data/gnu-svn/ipqbdb.csv
11441,11441,../data/eclipse/cdo.infrastructure.csv
11495,11495,../data/apache/geronimo-schema-14.csv
11525,11525,../data/eclipse/org.eclipse.dash.dashboard.csv
11570,11570,../data/apache/servicemix-website.csv
11613,11613,../data/gnu-git/linux-libre-fw.csv
11620,11620,../data/gnu-git/ee.csv
11678,11577,../data/eclipse/org.eclipse.epp.usagedata.csv
11707,11707,../data/gnu-git/examples.csv
11759,11759,../data/gnu-git/perl-dyndns.csv
11791,11741,../data/eclipse/membership.csv
11848,11234,../data/gnu-git/Perl-Device-Cdio.csv
11848,11811,../data/gnu-git/alog.csv
11862,11862,../data/gnu-git/cflow.csv
11942,11543,../data/gnu-svn/sdom.csv
11976,11891,../data/eclipse/org.eclipse.hudson.plugins.git.csv
11979,11436,../data/eclipse/gyrex-gemini-jpa.csv
12132,12132,../data/apache/myfaces-portlet-bridge.csv
12154,11937,../data/eclipse/org.eclipse.stardust.ui.common.csv
1217172,135,../data/eclipse/org.eclipse.xtend.csv
12190,11607,../data/apache/tiles-autotag.csv
12196,12196,../data/gnu-git/neurowombat.csv
12250,12250,../data/eclipse/org.eclipse.rap.incubator.pde.csv
12381,12381,../data/eclipse/org.eclipse.virgo.medic.csv
12536,12536,../data/gnu-git/emacs-epackage.csv
12585,12585,../data/gnu-git/kazlib.csv
12666,11779,../data/eclipse/org.eclipse.stardust.ui.web.mobile.csv
12673,12673,../data/apache/activemq-protobuf.csv
12807,12807,../data/apache/geronimo-schema-6.csv
12824,12824,../data/eclipse/ebpm.csv
12947,12947,../data/gnu-git/attr.csv
13031,13031,../data/gnu-svn/chktex.csv
13079,13079,../data/gnu-git/dragora.csv
13096,13096,../data/eclipse/org.eclipse.emf.refactor.metrics.csv
13240,13240,../data/gnu-git/guile-www.csv
13244,12272,../data/eclipse/org.eclipse.jetty.releng.products.csv
13266,12619,../data/eclipse/org.eclipse.gemini.managment.csv
13272,13272,../data/gnu-git/autobuild.csv
13296,13296,../data/apache/kandula.csv
13428,13428,../data/apache/mrunit.csv
13461,13461,../data/eclipse/bpel.csv
13627,13627,../data/eclipse/downloads.csv
13630,13630,../data/gnu-git/ml-pnet.csv
13654,13654,../data/eclipse/examples.csv
13717,13717,../data/gnu-git/guile-num.csv
13917,13917,../data/eclipse/org.eclipse.gemini.dbaccess.csv
14007,13641,../data/eclipse/org.eclipse.e4.deeplink.csv
14165,14165,../data/gnu-git/upnpproxy.csv
14290,14290,../data/gnu-svn/phpdaily.csv
14456,14456,../data/apache/directory-clients.csv
14530,14530,../data/gnu-git/rush.csv
14588,14351,../data/eclipse/org.eclipse.hudson.plugins.subversion.csv
14693,14693,../data/eclipse/swt.csv
14839,14839,../data/gnu-git/fastcgipp.csv
14853,14853,../data/apache/geronimo-schema-5.csv
14862,12940,../data/apache/servicemix-documentation.csv
14936,14448,../data/gnu-git/cpio.csv
15007,14881,../data/gnu-svn/muglin.csv
15010,15010,../data/eclipse/org.eclipse.mylyn.reviews.ui.csv
15018,15018,../data/gnu-git/cremone.csv
15023,15023,../data/eclipse/org.eclipse.recommenders.codesearch.csv
15081,15081,../data/eclipse/org.eclipse.paho.mqtt.java.csv
15318,15318,../data/eclipse/org.eclipse.virgo.artifact-repository.csv
15368,15368,../data/gnu-git/dbsh.csv
15386,15284,../data/apache/maven-jxr.csv
15401,14605,../data/eclipse/mysports.csv
15414,11644,../data/eclipse/web.csv
15580,15580,../data/apache/cordova-mobile-spec.csv
15644,15644,../data/gnu-svn/jel.csv
15681,15495,../data/apache/directory-daemon.csv
15700,15700,../data/gnu-git/funcmp.csv
15707,14682,../data/eclipse/subversive.csv
15728,15728,../data/sourceware/dwz.csv
15730,15572,../data/eclipse/gyrex-bugsearch.csv
15841,15841,../data/eclipse/org.eclipse.rap.incubator.themeeditor.csv
15845,15834,../data/apache/commons-transaction.csv
15861,15861,../data/eclipse/org.eclipse.koneki.mfe.linux.csv
15915,15915,../data/gnu-svn/scleaner.csv
16141,16141,../data/eclipse/org.eclipse.dash.m4e.tools.csv
16146,16137,../data/eclipse/webtools.common.snippets.csv
16185,16185,../data/apache/flood.csv
16260,15447,../data/gnu-git/perl-webget.csv
16276,16276,../data/gnu-git/sshproxy.csv
16325,14683,../data/eclipse/webtools.webservices.axis2.csv
16372,15903,../data/eclipse/org.eclipse.virgo.samples.csv
16477,16477,../data/eclipse/ajdt.csv
16604,13258,../data/gnu-git/nutr.csv
16656,16656,../data/eclipse/actf.csv
16820,16808,../data/eclipse/stem.csv
16854,14768,../data/eclipse/org.eclipse.virgo.snaps.csv
16872,16872,../data/gnu-git/administration.csv
17000,17000,../data/eclipse/org.eclipse.sisu.plexus.csv
17044,17044,../data/gnu-git/scew.csv
17334,17334,../data/apache/rat.csv
17488,17488,../data/gnu-git/guile-php.csv
17542,15073,../data/eclipse/org.eclipse.hudson.test.harness.csv
17605,14518,../data/gnu-git/libpthread.csv
17610,17610,../data/eclipse/mpc.csv
17681,17681,../data/eclipse/org.eclipse.lyo.client.csv
18296,18296,../data/gnu-git/unitcheck.csv
18320,18320,../data/eclipse/amalgam.csv
18332,18332,../data/eclipse/org.eclipse.jetty.wtp.csv
18388,18388,../data/eclipse/blueprint.csv
18495,18495,../data/apache/httpasyncclient.csv
18599,18599,../data/gnu-git/gnupod.csv
18676,18676,../data/apache/geronimo-txmanager.csv
18740,18740,../data/gnu-git/guile-reader.csv
18742,18742,../data/eclipse/pde.csv
18768,18768,../data/gnu-git/qdiff.csv
18809,18804,../data/gnu-git/hyphenation.csv
18883,18883,../data/gnu-git/gdbm.csv
18902,18902,../data/eclipse/eclipse.platform.runtime.e4.csv
19102,19102,../data/eclipse/org.eclipse.mylyn.context.mft.csv
19161,19161,../data/gnu-git/guile-cairo.csv
19191,19191,../data/apache/maven-enforcer.csv
19193,16721,../data/gnu-git/vladnput.csv
19256,19256,../data/gnu-svn/gacela.csv
19455,19455,../data/gnu-git/sunterlib.csv
19512,19512,../data/gnu-svn/simplerowlog.csv
19580,19580,../data/gnu-git/mdhcp6.csv
19629,19426,../data/eclipse/webtools.common.tests.csv
19723,19682,../data/apache/flex-utilities.csv
19744,19744,../data/eclipse/org.eclipse.gemini.jpa.csv
19842,19842,../data/eclipse/org.eclipse.stardust.components.csv
19874,19874,../data/gnu-git/emms.csv
19896,19896,../data/apache/creadur-rat.csv
20052,20052,../data/eclipse/org.eclipse.rtp.csv
20076,18646,../data/gnu-git/stow.csv
20134,20134,../data/apache/servicemix-utils.csv
20138,19132,../data/apache/commons-logging.csv
20149,13449,../data/apache/chemistry-cmislib.csv
20274,20274,../data/apache/nuvem.csv
20280,15105,../data/gnu-git/ccaudio.csv
20321,20321,../data/gnu-git/freedoom.csv
20423,20423,../data/eclipse/org.eclipse.virgo.web.csv
20470,20470,../data/eclipse/atl.csv
20510,20510,../data/gnu-git/bayonne.csv
20662,20662,../data/apache/servicemix-maven-plugins.csv
20671,20671,../data/gnu-svn/fontypython.csv
20924,12030,../data/gnu-git/barcode.csv
20969,20969,../data/eclipse/org.eclipse.rap.incubator.nebula-grid.csv
21058,21058,../data/gnu-git/libntlm.csv
21065,21065,../data/gnu-git/tutka.csv
21165,21165,../data/eclipse/org.eclipse.datatools.enablement.ibm.csv
21691,21691,../data/gnu-git/encoding-converters.csv
21740,20811,../data/eclipse/org.eclipse.stardust.ide.wst.csv
21863,21863,../data/apache/tashi.csv
21902,21902,../data/gnu-git/slag.csv
21962,20629,../data/gnu-git/stumpwm.csv
21979,10649,../data/gnu-git/qctopusql.csv
22013,22013,../data/eclipse/intent.csv
22072,22072,../data/gnu-git/tpop3d.csv
22100,22100,../data/apache/maven-doxia-sitetools.csv
22120,22120,../data/eclipse/org.eclipse.koneki.commons.csv
22225,22225,../data/gnu-git/lookat.csv
22236,22236,../data/apache/maven-app-engine.csv
22257,20026,../data/gnu-git/halifax.csv
22303,21550,../data/eclipse/org.eclipse.m2e.wtp.csv
22313,22313,../data/eclipse/org.eclipse.datatools.enablement.general.csv
22318,22318,../data/gnu-git/gnokii-artwork.csv
22420,22420,../data/gnu-git/acl.csv
22485,22200,../data/gnu-git/g-wrap.csv
22577,22577,../data/gnu-git/fcrypt.csv
22594,22556,../data/eclipse/org.eclipse.sisu.inject.csv
22721,22721,../data/eclipse/org.eclipse.riena.toolbox.csv
22803,22803,../data/gnu-git/dfarc.csv
22919,22919,../data/gnu-git/windinkedit.csv
23049,23049,../data/apache/servicemix5.csv
23224,23224,../data/eclipse/org.eclipse.epp.mpc.csv
23248,23248,../data/apache/cordova-bada-wac.csv
23273,23273,../data/eclipse/org.eclipse.ote.csv
23299,23299,../data/gnu-git/gnubik.csv
23337,23107,../data/eclipse/org.eclipse.js4emf.csv
23421,10028,../data/apache/activemq-activeio.csv
23431,23164,../data/gnu-git/dnt.csv
23533,23533,../data/gnu-git/elim.csv
23616,23616,../data/eclipse/server.csv
23719,23719,../data/apache/photark.csv
23756,23756,../data/apache/incubator-s4.csv
24100,24100,../data/gnu-git/belle.csv
24176,24122,../data/gnu-git/rottlog.csv
24281,24281,../data/gnu-git/sinhala.csv
24301,24301,../data/gnu-git/easejs.csv
24326,15316,../data/eclipse/org.eclipse.epp.packages.csv
24557,14996,../data/gnu-svn/ccaudio.csv
24807,24807,../data/eclipse/org.eclipse.paho.mqtt.c.csv
25111,22832,../data/apache/james-jspf.csv
25232,25232,../data/gnu-git/sitetool.csv
25317,25317,../data/eclipse/org.eclipse.featuremodel.metamodel.csv
25499,24519,../data/eclipse/org.eclipse.hudson.plugins.legacy-maven.csv
25521,25491,../data/apache/webservices-xmlschema.csv
25541,25541,../data/gnu-svn/tkresolver.csv
25636,25636,../data/eclipse/org.eclipse.jetty.toolchain.csv
25780,10031,../data/gnu-git/confuse.csv
25836,22566,../data/gnu-git/weaver.csv
25848,22806,../data/eclipse/koneki.csv
25916,25916,../data/gnu-git/erbot.csv
25932,22934,../data/gnu-git/guile-pg.csv
25952,25952,../data/gnu-git/dynamite.csv
25960,25960,../data/gnu-svn/army.csv
26057,26057,../data/eclipse/org.eclipse.gemini.web.gemini-web-container.csv
26347,26347,../data/gnu-git/biborb.csv
26381,26381,../data/eclipse/org.eclipse.webtools.java-ee-config.csv
26439,26439,../data/eclipse/javax.persistence.csv
26453,26453,../data/eclipse/oracleddlparser.csv
26458,26458,../data/gnu-git/ramon.csv
26476,26476,../data/gnu-git/ant-phone.csv
26522,26522,../data/eclipse/org.eclipse.koneki.simulators.csv
26745,21061,../data/eclipse/org.eclipse.lyo.server.csv
26897,25973,../data/gnu-git/perl-text2html.csv
26983,26578,../data/apache/myfaces-html5.csv
27024,27024,../data/gnu-git/paradis.csv
27034,24319,../data/gnu-git/sipwitch.csv
27425,17020,../data/gnu-git/ranger.csv
27665,27665,../data/eclipse/org.eclipse.hudson.plugins.maven3.csv
27764,23601,../data/apache/esme.csv
27888,27888,../data/gnu-git/gtick.csv
28023,28023,../data/gnu-git/safeheap.csv
28258,28258,../data/gnu-git/gnetic.csv
28266,28266,../data/apache/karaf-cellar.csv
28291,23333,../data/gnu-git/dino.csv
28295,28295,../data/eclipse/paho.csv
28336,28336,../data/apache/cxf-fediz.csv
28471,25694,../data/gnu-git/diffutils.csv
28489,28489,../data/gnu-git/muglin.csv
28623,28623,../data/gnu-svn/builtu.csv
28728,28728,../data/eclipse/org.eclipse.stardust.examples.csv
28815,28815,../data/apache/maven-plugin-tools.csv
28817,28427,../data/eclipse/org.eclipse.stardust.reporting.ui.csv
28857,26194,../data/gnu-git/otpasswd.csv
28937,28937,../data/eclipse/org.eclipse.koneki.models.csv
29052,29052,../data/eclipse/mihini.csv
29146,29146,../data/apache/photark-mobile.csv
29177,29177,../data/gnu-svn/mkdoc.csv
29217,29217,../data/gnu-svn/libqtlua.csv
29278,10413,../data/gnu-git/mig.csv
29311,29269,../data/apache/tiles-request.csv
29468,24578,../data/gnu-git/backbone.csv
29505,29505,../data/eclipse/org.eclipse.epf.tests.csv
29521,29521,../data/apache/redback-components.csv
29967,29967,../data/gnu-svn/remotecontrol.csv
30025,30025,../data/gnu-git/graviton.csv
30028,30028,../data/eclipse/org.eclipse.sketch.csv
30099,30099,../data/apache/directmemory-lightning.csv
30269,25736,../data/eclipse/eclipse.platform.releng.buildtools.csv
30479,19619,../data/gnu-git/mdtk.csv
30677,30677,../data/gnu-svn/ccscript.csv
30744,30062,../data/eclipse/org.eclipse.rap.incubator.visualization.csv
30873,30873,../data/eclipse/org.eclipse.epf.wiki.csv
30888,30888,../data/gnu-svn/things.csv
30921,29255,../data/apache/james-mailet.csv
30962,30962,../data/eclipse/org.eclipse.dltk.examples.csv
31109,31109,../data/gnu-svn/lash.csv
31309,31309,../data/gnu-git/maposmatic.csv
31369,31369,../data/gnu-git/opencdk.csv
31418,31418,../data/gnu-git/guix.csv
31485,31485,../data/eclipse/org.eclipse.virgo.bundlor.csv
31513,31513,../data/eclipse/org.eclipse.webtools.incubator.xmlsearch.csv
31561,17308,../data/eclipse/org.eclipse.virgo.nano.csv
31593,31593,../data/apache/maven-skins.csv
31608,31608,../data/gnu-git/gengen.csv
31617,19590,../data/gnu-git/patch.csv
31691,31535,../data/gnu-git/lash.csv
31772,31772,../data/eclipse/org.eclipse.rap.tools.csv
31937,31937,../data/gnu-git/searduino.csv
31958,31958,../data/apache/archiva-sandbox.csv
32027,32014,../data/apache/maven-site.csv
32042,32042,../data/eclipse/org.eclipse.vjet.typelibs.csv
32129,32129,../data/gnu-svn/doodlehash.csv
32336,21137,../data/apache/amber.csv
32531,32531,../data/apache/servicemix4-specs.csv
32546,32546,../data/eclipse/tm.csv
32641,32641,../data/apache/apreq.csv
32663,32663,../data/gnu-svn/tpb.csv
32703,32543,../data/gnu-svn/pdrx.csv
32715,32715,../data/eclipse/org.eclipse.datatools.enablement.ingres.csv
32741,15173,../data/apache/commons-cli.csv
32832,32832,../data/eclipse/org.eclipse.rap.incubator.cnf.csv
33008,33008,../data/gnu-svn/fisicalab.csv
33173,25464,../data/apache/cxf-dosgi.csv
33220,33220,../data/gnu-git/ocitysmap.csv
33236,33225,../data/gnu-git/freetype2-demos.csv
33538,33538,../data/gnu-git/rcarpooling.csv
33564,33328,../data/gnu-git/rawtools.csv
33913,33909,../data/gnu-svn/linterna-magica.csv
33970,18513,../data/gnu-git/gzip.csv
34066,29432,../data/gnu-svn/libruin.csv
34093,19145,../data/gnu-git/karajlug.csv
34320,34320,../data/apache/cordova-js.csv
34427,34427,../data/gnu-git/riece.csv
34504,34504,../data/gnu-git/ratpoison.csv
34536,22028,../data/eclipse/org.eclipse.emf.emfstore.other.csv
34767,34767,../data/gnu-git/recaged.csv
34800,34800,../data/apache/servicemix4-kernel.csv
35223,35223,../data/gnu-git/frunge.csv
35338,35338,../data/gnu-svn/sysutils.csv
36158,36158,../data/eclipse/ptp.csv
36337,30857,../data/gnu-svn/gnuzilla.csv
36363,36363,../data/gnu-git/woodchuck.csv
36453,36453,../data/eclipse/epsilon.csv
36480,14746,../data/gnu-git/fcproc.csv
36607,36607,../data/gnu-git/techne.csv
36634,36634,../data/sourceware/system-config-cluster.csv
36813,36369,../data/eclipse/org.eclipse.virgo.documentation.csv
36920,36556,../data/eclipse/org.eclipse.virgo.packaging.csv
37313,25076,../data/eclipse/org.eclipse.linuxtools.eclipse-build.csv
37322,37322,../data/gnu-svn/tdeps.csv
37477,37477,../data/apache/webservices-neethi.csv
37501,37501,../data/eclipse/cdt.csv
37522,35906,../data/gnu-git/quilt.csv
37537,37268,../data/apache/gora.csv
37602,32661,../data/gnu-git/guile-lib.csv
37760,22004,../data/apache/maven-doxia-tools.csv
37791,37791,../data/eclipse/gyrex-admin.csv
37829,37829,../data/apache/tomcat-maven-plugin.csv
38050,38050,../data/apache/bval.csv
38271,38271,../data/gnu-git/erc.csv
38369,38369,../data/eclipse/org.eclipse.uomo.csv
38418,38418,../data/eclipse/org.eclipse.hudson.stapler.csv
38798,35853,../data/apache/maven-archetype.csv
38858,23743,../data/gnu-git/gcourrier.csv
38925,38922,../data/apache/commons-codec.csv
38938,35442,../data/gnu-git/samizdat.csv
39132,39132,../data/eclipse/eclipse.jdt.core.binaries.csv
39269,39269,../data/eclipse/org.eclipse.lyo.core.csv
39470,39470,../data/gnu-git/scurrility.csv
39796,38903,../data/gnu-git/toon.csv
39855,39855,../data/apache/hama.csv
40096,39739,../data/gnu-git/gzochi.csv
40152,34211,../data/gnu-git/emtest.csv
40209,38635,../data/apache/maven-wagon.csv
40211,40211,../data/apache/chemistry-dotcmis.csv
40272,40272,../data/apache/karaf-webconsole.csv
40368,40368,../data/gnu-git/mdk.csv
40582,40144,../data/gnu-git/rpge.csv
40669,40438,../data/gnu-git/lwip-contrib.csv
40687,40687,../data/eclipse/org.eclipse.libra.csv
41054,41054,../data/apache/james-hupa.csv
41239,41239,../data/gnu-git/guile-sdl.csv
41473,41473,../data/gnu-git/jwhois.csv
41493,41493,../data/gundalf_gui_tcltk.csv
41926,41926,../data/eclipse/org.eclipse.actf.ai.csv
41944,36700,../data/apache/cordova-ios.csv
41967,41967,../data/gnu-git/pulsefire.csv
42031,41836,../data/eclipse/eclipse.platform.swt.binaries.csv
42102,42102,../data/gnu-git/guile-rpc.csv
42166,42126,../data/apache/maven-indexer.csv
42418,41731,../data/apache/geronimo-javamail.csv
42437,42437,../data/apache/cordova-android.csv
42825,42822,../data/eclipse/org.eclipse.emf.query.csv
42879,42879,../data/gnu-git/tramp.csv
42985,42985,../data/gnu-git/elklib.csv
43276,43276,../data/eclipse/org.eclipse.epf.additional.csv
43491,43491,../data/apache/ivyde.csv
43544,23180,../data/gnu-git/scambio.csv
43765,43765,../data/eclipse/tycho.csv
43766,43766,../data/gnu-git/solang.csv
43810,37498,../data/apache/commons-validator.csv
43844,16015,../data/gnu-git/bbdb.csv
44007,44007,../data/gnu-git/ftmgs.csv
44032,44032,../data/apache/servicemix4-features.csv
44208,44208,../data/gnu-git/templatizer.csv
44231,44231,../data/gnu-git/tetuhi.csv
44833,44833,../data/gnu-git/v2p.csv
45017,45017,../data/apache/commons-compress.csv
45398,45398,../data/eclipse/org.eclipse.lyo.docs.csv
45487,25607,../data/gnu-svn/sipwitch.csv
46747,46747,../data/apache/logging-log4php.csv
46988,36344,../data/apache/cordova-blackberry.csv
47078,47078,../data/gnu-git/arc.csv
47167,47167,../data/apache/myfaces-scripting.csv
47334,47334,../data/eclipse/org.eclipse.lyo.rio.csv
47655,47655,../data/gnu-git/gnuprologjava.csv
48032,15362,../data/gnu-git/ll-plugins.csv
48239,44198,../data/apache/geronimo-gshell.csv
48453,41683,../data/apache/cordova-wp7.csv
48766,41158,../data/gnu-git/treecc.csv
48897,48897,../data/apache/chainsaw.csv
48900,47906,../data/gnu-git/sharutils.csv
48951,48951,../data/apache/whirr.csv
48957,48957,../data/gnu-git/pktools.csv
49071,49071,../data/gnu-git/libunistring.csv
49577,49577,../data/eclipse/tigerstripe.csv
49723,49590,../data/apache/log4j-extras.csv
49741,49741,../data/gnu-git/mlv.csv
50037,50037,../data/gnu-git/datasets.csv
50085,50085,../data/eclipse/jdt.csv
50141,50101,../data/gnu-git/pnetC.csv
50265,46068,../data/apache/servicemix4-nmr.csv
50341,49829,../data/gnu-svn/chess.csv
50575,50575,../data/eclipse/jetty.csv
50661,47803,../data/gnu-svn/overkill.csv
50890,50890,../data/gnu-git/parallel.csv
51415,51083,../data/apache/james-mailbox.csv
51416,51416,../data/eclipse/org.eclipse.mylyn.builds.csv
51565,51565,../data/gnu-git/libCrayons.csv
51655,51655,../data/eclipse/org.eclipse.e4.search.csv
51657,51657,../data/eclipse/org.eclipse.stardust.ide.simulation.csv
51899,51899,../data/gnu-git/libchop.csv
52042,52040,../data/eclipse/org.eclipse.datatools.build.csv
52067,49344,../data/gnu-svn/www-it.csv
52103,52103,../data/apache/buildr.csv
52270,52270,../data/eclipse/org.eclipse.emf.refactor.examples.csv
52927,20123,../data/gnu-git/libredwg.csv
53107,45383,../data/eclipse/eclipse.platform.releng.csv
53205,53205,../data/gnu-git/avl.csv
53215,53215,../data/gnu-git/procmail-lib.csv
53343,52523,../data/gnu-git/libtasn1.csv
53351,53351,../data/apache/mina-sshd.csv
53377,53377,../data/gnu-git/txr.csv
53512,53512,../data/gnu-git/hplus.csv
53880,53880,../data/eclipse/webtools.servertools.tests.csv
54724,54724,../data/gnu-git/rcs.csv
55019,48902,../data/eclipse/eclipse.pde.build.csv
55111,43503,../data/apache/directmemory.csv
55280,54098,../data/apache/sandesha.csv
55619,55619,../data/gnu-svn/aasm.csv
55660,55608,../data/eclipse/org.eclipse.emf.diffmerge.core.csv
55754,55583,../data/eclipse/org.eclipse.orion.server.csv
56297,31376,../data/gnu-git/libsigsegv.csv
56527,39311,../data/eclipse/incubator.csv
56627,56627,../data/apache/commons-io.csv
56898,56898,../data/gnu-git/tinydht.csv
56974,56974,../data/eclipse/org.eclipse.e4.resources.csv
57313,57313,../data/gnu-git/lightning.csv
57472,39622,../data/gnu-git/anubis.csv
57669,51448,../data/apache/tomee-site.csv
57871,54405,../data/gnu-git/l-lang.csv
57998,57998,../data/apache/commons-net.csv
58101,58101,../data/eclipse/community.csv
58151,10717,../data/gnu-git/gnocky.csv
58601,33258,../data/gnu-git/pyconfigure.csv
58806,58806,../data/eclipse/org.eclipse.virgo.util.csv
58841,58841,../data/eclipse/org.eclipse.emf.refactor.documentation.csv
59296,53318,../data/eclipse/webtools.ejb.git.old.csv
59299,18021,../data/gnu-git/hello.csv
59308,53581,../data/eclipse/webtools.ejb.csv
59326,59093,../data/apache/james-protocols.csv
59502,55021,../data/gnu-git/w3.csv
59606,59606,../data/eclipse/henshin.csv
59626,59626,../data/gnu-svn/fluid.csv
59674,46604,../data/eclipse/eclipse.platform.releng.basebuilder.csv
59686,59686,../data/gnu-svn/larusboard.csv
59735,59735,../data/eclipse/org.eclipse.mylyn.reviews.csv
60268,60268,../data/gnu-git/cscctest.csv
60289,33800,../data/apache/james-jsieve.csv
60598,54908,../data/gnu-git/bino.csv
61820,58433,../data/gnu-git/gv.csv
62139,61211,../data/eclipse/webtools.common.fproj.csv
62158,45997,../data/apache/ftpserver.csv
62344,62344,../data/apache/incubator-deltaspike.csv
63280,46316,../data/apache/tuscany-das.csv
63428,63428,../data/gnu-svn/goptical.csv
64294,63973,../data/apache/myfaces-extval.csv
64645,38506,../data/gnu-git/sed.csv
64693,64693,../data/gnu-git/elyxer.csv
65045,28135,../data/gnu-svn/picogen.csv
65234,44680,../data/gnu-svn/kinetophone.csv
65323,65323,../data/eclipse/plugins.csv
65626,65626,../data/eclipse/org.eclipse.e4.languages.csv
65631,64587,../data/gnu-git/fangle.csv
65713,65653,../data/gnu-git/freedink.csv
66255,66254,../data/eclipse/org.eclipse.dltk.releng.csv
66831,38627,../data/gnu-git/hybrid.csv
67376,62655,../data/gnu-git/comma.csv
67672,62189,../data/gnu-git/cssc.csv
67928,25790,../data/gnu-git/grep.csv
68131,68131,../data/gnu-git/katana.csv
68177,48927,../data/gnu-git/autoconf-archive.csv
68337,68337,../data/gnu-svn/avrdude.csv
68591,65027,../data/eclipse/org.eclipse.emf.ecp.core.csv
68799,68739,../data/apache/james-mime4j.csv
68907,67204,../data/eclipse/org.eclipse.lyo.testsuite.csv
68973,68973,../data/gnu-git/snogray.csv
69102,69102,../data/gnu-svn/anagramarama.csv
69326,69326,../data/gnu-git/gphpedit.csv
698434,2577,../data/apache/directory-project.csv
69945,69945,../data/eclipse/org.eclipse.emfatic.csv
70397,70397,../data/gnu-git/rippix.csv
70552,69296,../data/apache/cordova-wp8.csv
70582,70198,../data/eclipse/mylyn.csv
70630,46636,../data/eclipse/org.eclipse.zest.csv
71043,71043,../data/apache/maven-release.csv
71044,71044,../data/eclipse/org.eclipse.mylyn.context.csv
71122,71122,../data/eclipse/linuxtools.csv
71272,70489,../data/eclipse/org.eclipse.epp.old.csv
71355,59261,../data/apache/redback-core.csv
71845,71845,../data/eclipse/aether-core.csv
71919,71919,../data/gnu-git/icoutils.csv
72326,71692,../data/gnu-git/easymagazine.csv
72394,72394,../data/apache/libcloud.csv
72430,72403,../data/eclipse/hudson.csv
72699,72699,../data/eclipse/org.eclipse.vjet.rhino.csv
72981,72981,../data/eclipse/org.eclipse.datatools.nl.csv
73043,41994,../data/gnu-git/gperf.csv
73049,73049,../data/apache/tez.csv
73254,73140,../data/eclipse/org.eclipse.examples.toast.csv
74329,70982,../data/gnu-git/tar.csv
74544,74544,../data/gnu-git/choicetool.csv
75222,75222,../data/gnu-git/scripts.csv
75378,75378,../data/gnu-svn/acm.csv
75436,75436,../data/gnu-git/lwip.csv
76268,76268,../data/eclipse/proposals.csv
76597,67741,../data/apache/geronimo-xbean.csv
77566,77566,../data/gnu-git/aris.csv
78013,78013,../data/apache/xml-graphics-commons.csv
78057,75014,../data/gnu-git/liquidwar.csv
78313,64600,../data/gnu-git/skribilo.csv
78512,38421,../data/gnu-git/powerguru.csv
78643,78643,../data/apache/kalumet.csv
79004,77350,../data/gnu-git/cjk.csv
793588,3114,../data/eclipse/org.eclipse.virgo.jetty-server.csv
79489,79489,../data/gnu-git/commoncpp.csv
79611,64848,../data/apache/rampart.csv
79829,79829,../data/gnu-git/gengetopt.csv
80075,80075,../data/apache/maven-surefire.csv
81000,80949,../data/gnu-git/simulavr.csv
81157,81157,../data/eclipse/org.eclipse.virgo.ide.csv
81446,81446,../data/eclipse/org.eclipse.epf.nl-src.csv
81661,81661,../data/apache/giraph.csv
82263,82263,../data/eclipse/org.eclipse.actf.examples.csv
82272,82272,../data/gnu-git/dico.csv
82326,14499,../data/apache/cordova-osx.csv
82609,80633,../data/eclipse/eclipse.platform.releng.eclipsebuilder.csv
82905,82905,../data/saferc_engine_c.csv
82967,82945,../data/gnu-git/tinycc.csv
83151,83151,../data/gnu-git/machafuko.csv
83260,38617,../data/gnu-git/guile-ncurses.csv
83587,83587,../data/apache/vysper.csv
83744,79566,../data/gnu-git/serveez.csv
83780,77498,../data/gnu-git/screen.csv
83795,83795,../data/gnu-git/ww-tedit.csv
83916,83916,../data/gnu-git/cygbuild.csv
83953,53423,../data/gnu-git/m4.csv
84095,84092,../data/eclipse/org.eclipse.emf.transaction.csv
84577,84577,../data/gnu-git/mailnotify.csv
84856,76295,../data/gnu-git/gtypist.csv
85679,85679,../data/gnu-git/eliot.csv
86077,86077,../data/apache/sqoop.csv
86876,86876,../data/eclipse/eclipse.platform.releng.aggregator.csv
87097,87097,../data/gnu-svn/sccleaner.csv
87177,87177,../data/gnu-git/kepler.csv
88069,81952,../data/gnu-git/oddmuse.csv
88257,88257,../data/gnu-git/auctex.csv
88408,55019,../data/eclipse/webtools.sourceediting.xsl.csv
89145,89145,../data/apache/shiro.csv
89217,89217,../data/apache/empire-db.csv
89551,33723,../data/gnu-git/friata.csv
89707,89707,../data/apache/myfaces-extcdi.csv
89959,89959,../data/apache/hcatalog.csv
90289,64950,../data/apache/kafka.csv
91272,91272,../data/eclipse/org.eclipse.e4.ui.csv
91597,89574,../data/eclipse/org.eclipse.ecoretools.csv
91938,91938,../data/eclipse/nebula.csv
92151,92151,../data/eclipse/webtools.sourceediting.xpath.csv
93360,20895,../data/apache/mina.csv
93374,93374,../data/eclipse/org.eclipse.e4.tools.csv
93612,93612,../data/eclipse/xtend.csv
93851,93851,../data/apache/qpid-proton.csv
93923,93920,../data/eclipse/org.eclipse.emf.validation.csv
94540,94540,../data/apache/mod_perl.csv
94734,94734,../data/gnu-svn/isarmathlib.csv
95396,95396,../data/gnu-git/libtool.csv
95997,95997,../data/gnu-git/gnuherds-app.csv
96095,96095,../data/eclipse/org.eclipse.emf.ecp.other.csv
96518,96518,../data/eclipse/gyrex-platform.csv
96777,84679,../data/gnu-git/libcdio.csv
97429,55417,../data/gnu-git/gta.csv
98320,90075,../data/eclipse/projects.csv
98574,98574,../data/gnu-git/tiger.csv
98753,98750,../data/eclipse/org.eclipse.gmf.notation.csv
99688,99688,../data/apache/maven-shared.csv
100257,99779,../data/gnu-git/src-highlite.csv
100864,35519,../data/gnu-git/ccrtp.csv
102077,90547,../data/gnu-git/make.csv
102277,16235,../data/gnu-git/idutils.csv
104078,68815,../data/gnu-git/libunwind.csv
104394,87777,../data/apache/incubator-ripple.csv
105610,99586,../data/apache/maven-doxia.csv
105654,91187,../data/gnu-svn/exosip.csv
105816,94930,../data/gnu-git/exosip.csv
111635,95628,../data/gnu-git/gclip-select.csv
113841,97434,../data/apache/tuscany-sca-cpp.csv
116181,98849,../data/apache/flume.csv
120658,98504,../data/apache/log4net.csv
121354,90273,../data/gnu-git/netutils.csv
121456,82147,../data/apache/log4j.csv
123840,50975,../data/gnu-git/upmf.csv
124663,38082,../data/apache/james-imap.csv
124683,87422,../data/gnu-git/enscript.csv
130189,94064,../data/gnu-git/dejagnu.csv
131258,13965,../data/gnu-git/pypdflib.csv
136848,73021,../data/apache/tiles.csv
141647,80980,../data/gnu-git/parted.csv
158039,76614,../data/apache/ace.csv
167653,54626,../data/gnu-git/gss.csv
172071,53019,../data/gnu-svn/librefm.csv
176443,94338,../data/gnu-git/radius.csv
185368,80568,../data/gnu-git/recutils.csv
192551,87412,../data/gnu-git/gnuae.csv
195123,39860,../data/eclipse/Xtext.csv
196358,84085,../data/apache/nutch.csv
199873,33864,../data/gnu-git/sqltutor.csv
215304,85595,../data/gnu-git/wget.csv
270591,15466,../data/eclipse/org.eclipse.amalgam.csv
282176,53112,../data/gnu-svn/klog.csv
322066,26255,../data/eclipse/rap.csv
360239,78025,../data/apache/log4cxx.csv
408196,18742,../data/apache/cordova-plugman.csv
484060,97912,../data/gnu-git/linphone.csv
877858,58507,../data/apache/pluto.csv
100663,100531,../data/gnu-svn/ccrtp.csv
100701,100701,../data/apache/sanselan.csv
101127,101127,../data/eclipse/org.eclipse.actf.visualization.csv
101453,101453,../data/apache/incubator-allura.csv
102169,102169,../data/apache/cordova-weinre.csv
102674,102674,../data/eclipse/webtools.jsf.tests.csv
105301,104014,../data/eclipse/eclipse.platform.runtime.csv
105380,105380,../data/eclipse/org.eclipse.gef4.csv
105504,104598,../data/eclipse/webtools.javaee.tests.csv
105703,103820,../data/apache/incubator-tajo.csv
106627,106627,../data/apache/httpcore.csv
106719,106719,../data/eclipse/org.eclipse.incquery.csv
106777,102369,../data/eclipse/org.eclipse.virgo.kernel.csv
107321,107321,../data/apache/npanday-its.csv
107338,107338,../data/eclipse/org.eclipse.nebula.widgets.nattable.csv
108303,108292,../data/eclipse/org.eclipse.dltk.python.csv
108460,107759,../data/eclipse/org.eclipse.gemini.blueprint.csv
109096,106121,../data/eclipse/pdt.csv
109222,109222,../data/gnu-git/gama.csv
110420,110420,../data/gnu-git/autogen.csv
110604,110604,../data/eclipse/org.eclipse.actf.common.csv
111186,111186,../data/eclipse/org.eclipse.tcf.agent.csv
111210,108070,../data/apache/commons-configuration.csv
112370,112370,../data/gnu-git/jpt.csv
113145,103190,../data/eclipse/org.eclipse.mylyn.commons.csv
113263,110262,../data/eclipse/org.eclipse.swtbot.csv
113495,113495,../data/eclipse/org.eclipse.xwt.csv
114007,112081,../data/gnu-git/web.csv
114161,114161,../data/gnu-git/numcosmo.csv
114404,114404,../data/gnu-git/hanzitrainer.csv
114438,114438,../data/sourceware/system-config-lvm.csv
115023,108567,../data/apache/incubator-helix.csv
115300,110315,../data/gnu-svn/osip.csv
115464,111062,../data/gnu-git/osip.csv
115719,115719,../data/apache/any23.csv
117395,117395,../data/gnu-svn/acct.csv
118618,112178,../data/apache/tuscany-sdo.csv
118774,113331,../data/eclipse/org.eclipse.e4.databinding.csv
118884,118884,../data/gnu-git/rizoma.csv
118949,118949,../data/apache/crunch.csv
119028,118103,../data/eclipse/org.eclipse.gef3d.csv
119114,118693,../data/eclipse/org.eclipse.atf.csv
119775,119696,../data/gnu-git/libjit.csv
119812,119812,../data/apache/commons-lang.csv
120251,120251,../data/gnu-git/picogen.csv
120485,120485,../data/gnu-git/fluxus.csv
120797,120797,../data/gnu-git/bison.csv
121342,120135,../data/gnu-git/findutils.csv
122948,121156,../data/gnu-svn/h-source.csv
123048,123048,../data/gnu-git/freedink-data.csv
123210,123210,../data/apache/cordova-cli.csv
123344,123344,../data/apache/httpclient.csv
123838,115886,../data/apache/chukwa.csv
124345,122893,../data/apache/abdera.csv
124368,122845,../data/apache/maven-mercury.csv
124391,124391,../data/gnu-git/knokiisync.csv
125028,125028,../data/eclipse/org.eclipse.koneki.ldt.csv
125101,105166,../data/gnu-git/inetutils.csv
126038,126038,../data/eclipse/org.eclipse.tycho.csv
127091,127091,../data/gnu-svn/nano.csv
127839,113517,../data/eclipse/org.eclipse.vjet.jsdt.parser.csv
130767,130767,../data/gnu-git/input-methods.csv
133233,133233,../data/apache/rave.csv
134065,133721,../data/eclipse/gyrex-archive.csv
136965,136965,../data/apache/servicemix4-bundles.csv
137368,128111,../data/eclipse/org.eclipse.stardust.documentation.csv
137525,137525,../data/gnu-git/readline.csv
139520,126129,../data/apache/syncope.csv
141677,136585,../data/apache/openwebbeans.csv
141881,141881,../data/gnu-git/books.csv
142138,136681,../data/apache/karaf.csv
142278,142278,../data/eclipse/webtools.servertools.docs.csv
142399,142348,../data/apache/npanday.csv
142711,133086,../data/eclipse/org.eclipse.xsd.csv
143498,143498,../data/gnu-git/autoconf.csv
145696,145696,../data/gnu-svn/commoncpp.csv
145895,145821,../data/apache/apr-iconv.csv
146176,146176,../data/eclipse/org.eclipse.koneki.mfe.csv
146429,144915,../data/eclipse/org.eclipse.dltk.ruby.csv
146563,146563,../data/eclipse/cdo.incubator.csv
146755,146755,../data/apache/tika.csv
147575,143972,../data/gnu-git/gibbon.csv
148749,148749,../data/gnu-svn/anagram.csv
149201,149201,../data/gnu-git/a2ps.csv
150111,150111,../data/eclipse/orion.csv
151667,114522,../data/gnu-git/myserver.csv
152243,152243,../data/eclipse/org.eclipse.jet.csv
153296,153296,../data/gnu-svn/myserver.csv
153652,153652,../data/apache/webservices-axiom.csv
153866,153193,../data/eclipse/org.eclipse.skalli.csv
154156,115078,../data/apache/commons-collections.csv
154956,111138,../data/eclipse/org.eclipse.mylyn.incubator.csv
156053,156053,../data/eclipse/org.eclipse.mylyn.docs.vex.csv
156073,156073,../data/apache/wss4j.csv
156331,156331,../data/eclipse/org.eclipse.vjet.vsf.csv
156634,156634,../data/eclipse/org.eclipse.orion.client.csv
157454,157454,../data/eclipse/org.eclipse.bpmn2-modeler.csv
157685,117140,../data/eclipse/org.eclipse.recommenders.csv
157986,157986,../data/eclipse/egit.csv
158293,148778,../data/eclipse/webtools.servertools.csv
159402,159402,../data/eclipse/webtools.sourceediting.tests.csv
159673,158751,../data/gnu-git/gnuit.csv
160260,155120,../data/apache/maven-sandbox.csv
160837,160837,../data/eclipse/org.eclipse.wazaabi.csv
161336,161336,../data/apache/bookkeeper.csv
161835,138222,../data/gnu-git/viengoos.csv
162523,162523,../data/gnu-git/texinfo.csv
162837,162837,../data/apache/apr.csv
163185,163185,../data/eclipse/org.eclipse.remus.csv
164932,164932,../data/apache/ivy.csv
1656736,87355,../data/gnu-git/kenozooid.csv
165739,165739,../data/apache/incubator-drill.csv
166423,166423,../data/eclipse/org.eclipse.mylyn.docs.csv
166498,166498,../data/apache/maven.csv
166650,166650,../data/gnu-git/traverso.csv
166834,166834,../data/gnu-git/gpsd.csv
166906,166906,../data/eclipse/org.eclipse.simrel.oldcvssimrelprojects.csv
166997,143985,../data/apache/santuario-cpp.csv
171432,171432,../data/eclipse/sapphire.csv
171569,149511,../data/eclipse/org.eclipse.stardust.reporting.rt.csv
171819,169006,../data/eclipse/org.eclipse.rap.incubator.gef.csv
172077,169004,../data/eclipse/m2e-core.csv
174666,174666,../data/apache/maven-integration-testing.csv
175199,175199,../data/sourceware/dm.csv
176617,168302,../data/eclipse/eclipse.platform.resources.csv
176772,176772,../data/eclipse/org.eclipse.datatools.enablement.sybase.csv
177970,176851,../data/eclipse/eclipse.platform.common.csv
178281,178281,../data/gnu-git/oath-toolkit.csv
178505,113628,../data/gnu-git/gsl-shell.csv
181137,181137,../data/sourceware/lvm2.csv
184516,184516,../data/gnu-git/aug.csv
185711,185711,../data/eclipse/eclipse.pde.incubator.csv
187683,187683,../data/apache/maven-scm.csv
188382,188223,../data/eclipse/org.eclipse.dltk.tcl.csv
191731,191731,../data/apache/opennlp.csv
191893,191893,../data/eclipse/org.eclipse.gmp.graphiti.csv
193530,193530,../data/apache/jackrabbit-oak.csv
195743,192884,../data/gnu-git/savane-cleanup.csv
195744,192972,../data/gnu-git/savane.csv
195744,194110,../data/gnu-git/testyten.csv
196349,196349,../data/apache/couchdb.csv
196484,196484,../data/apache/oozie.csv
196820,196820,../data/gnu-git/rapp.csv
197907,197907,../data/gnu-svn/gnewbook.csv
200604,200604,../data/eclipse/org.eclipse.mihini.csv
201201,201201,../data/apache/geronimo-specs.csv
201275,201275,../data/eclipse/org.eclipse.mylyn.docs.intent.main.csv
202244,202244,../data/apache/servicemix-components.csv
202826,202826,../data/eclipse/birt.csv
202883,202883,../data/eclipse/org.eclipse.mylyn.tasks.csv
203095,203095,../data/eclipse/org.eclipse.tptp.trace.csv
204077,204077,../data/apache/flex-tlf.csv
204189,204189,../data/eclipse/articles.csv
205397,205397,../data/eclipse/eclipselink.utils.temp.csv
206308,206308,../data/gnu-git/automake.csv
206581,204353,../data/eclipse/rt.equinox.bundles.csv
207043,206258,../data/eclipse/webtools.common.csv
208484,208484,../data/apache/chemistry-opencmis.csv
208695,193871,../data/apache/zookeeper.csv
208727,208727,../data/apache/pivot.csv
210348,174446,../data/eclipse/org.eclipse.webtools.incubator.sieditor.csv
211421,177913,../data/apache/jspwiki.csv
216052,216052,../data/eclipse/org.eclipse.epf.nl-libraries.csv
216056,216056,../data/eclipse/org.eclipse.datatools.enablement.oda.csv
217819,209534,../data/apache/mahout.csv
220329,220329,../data/apache/lucy.csv
221386,185637,../data/eclipse/cdo.old.csv
223434,208688,../data/eclipse/org.eclipse.gef.csv
224314,224314,../data/eclipse/org.eclipse.scout.sdk.csv
224357,216494,../data/eclipse/aspectj.csv
224989,214737,../data/apache/continuum.csv
225409,225409,../data/gnu-git/gforth.csv
229521,229521,../data/gnu-git/guile-gnome.csv
229766,229766,../data/eclipse/org.eclipse.vjet.eclipse.csv
230330,138762,../data/eclipse/webtools.webservices.jaxws.csv
230817,230526,../data/apache/geronimo-devtools.csv
231800,231800,../data/eclipse/org.csv
234163,234163,../data/eclipse/eclipse.platform.ui.e4.csv
234235,180299,../data/gnu-git/gnokii.csv
234627,234627,../data/eclipse/org.eclipse.apricot.csv
235067,235067,../data/eclipse/eclipse.platform.debug.csv
235568,235568,../data/gnu-git/akfavatar.csv
237176,237176,../data/gnu-svn/gchemutils.csv
237913,237913,../data/gnu-git/qsos.csv
238671,135684,../data/apache/lenya.csv
240412,240412,../data/apache/avro.csv
240934,240934,../data/eclipse/org.eclipse.cdt.edc.csv
242677,242673,../data/gnu-svn/bayonne.csv
243039,162380,../data/gnu-git/scleaner.csv
243435,185573,../data/eclipse/eclipse.platform.csv
244169,241063,../data/eclipse/eclipse.platform.ua.csv
246329,245749,../data/eclipse/org.eclipse.nebula.csv
248341,248341,../data/apache/juddi.csv
249886,205548,../data/gnu-git/gnuspool.csv
250433,250420,../data/eclipse/org.eclipse.epf.libraries.csv
250585,250585,../data/eclipse/org.eclipse.mylyn.reviews.r4e.csv
253777,251950,../data/gnu-git/espressomd.csv
256153,256153,../data/eclipse/org.eclipse.epp.doc.release.csv
256573,242738,../data/apache/spamassassin.csv
256593,256593,../data/eclipse/org.eclipse.e4.xwt.csv
257362,257362,../data/apache/thrift.csv
257747,257747,../data/eclipse/eclipse.platform.ui.compat.csv
260181,260147,../data/eclipse/eclipse.platform.text.csv
262023,262023,../data/gnu-svn/lout.csv
263448,224715,../data/apache/hadoop-hdfs.csv
266230,266219,../data/eclipse/equinox.csv
268051,158309,../data/eclipse/org.eclipse.mwe.csv
271210,271210,../data/gnu-git/freetype2.csv
271290,249751,../data/eclipse/org.eclipse.datatools.connectivity.csv
276357,258469,../data/eclipse/jgit.csv
277254,277254,../data/apache/cassandra.csv
277485,276314,../data/gnu-git/dawn-rpg.csv
280994,259866,../data/gnu-git/gnubatch.csv
281102,281102,../data/eclipse/org.eclipse.sapphire.csv
282868,249847,../data/eclipse/org.eclipse.sphinx.csv
283828,168194,../data/gnu-git/gcal.csv
286485,286485,../data/mining/rails.csv
286552,286552,../data/eclipse/eclipse.org-common.csv
286748,263817,../data/eclipse/org.eclipse.photran.csv
288611,267894,../data/gnu-git/emacs-tiny-tools.csv
289249,289249,../data/eclipse/org.eclipse.tptp.test.csv
292952,292952,../data/gnu-git/gluster.csv
294933,233592,../data/apache/archiva.csv
295703,295703,../data/apache/xerces2-j.csv
297823,159668,../data/apache/activemq-apollo.csv
302952,143543,../data/apache/servicemix3.csv
304911,213570,../data/apache/tapestry3.csv
305566,279597,../data/gnu-git/qpimd.csv
305567,302845,../data/gnu-git/quagga.csv
306437,306437,../data/mining/symfony.csv
310474,310474,../data/apache/oodt.csv
311213,311213,../data/eclipse/rt.equinox.framework.csv
315481,286021,../data/eclipse/org.eclipse.dltk.javascript.csv
324489,316367,../data/apache/myfaces.csv
326237,326237,../data/eclipse/eclipse.jdt.debug.csv
326454,326454,../data/apache/manifoldcf.csv
330493,330493,../data/gnu-git/vteindic.csv
331642,331642,../data/apache/cordova-tizen.csv
331842,207389,../data/apache/santuario-java.csv
333529,318748,../data/apache/etch.csv
333581,333581,../data/apache/commons-math.csv
336370,336370,../data/eclipse/org.eclipse.emf.emfstore.core.csv
336658,336658,../data/eclipse/org.eclipse.tcf.csv
339633,339633,../data/eclipse/org.apache.tomcat.csv
342999,341909,../data/apache/ode.csv
345639,329915,../data/apache/aries.csv
349299,349299,../data/eclipse/mdt.csv
349915,349915,../data/eclipse/rt.equinox.p2.csv
352823,338445,../data/eclipse/webtools.jsdt.debug.csv
354386,298222,../data/gnu-git/mailutils.csv
356063,272169,../data/eclipse/org.eclipse.xpand.csv
356070,356070,../data/eclipse/org.eclipse.datatools.sqltools.csv
368700,360861,../data/eclipse/org.eclipse.riena.csv
368916,233256,../data/apache/deltacloud.csv
371815,368024,../data/sourceware/systemtap.csv
372335,342310,../data/eclipse/org.eclipse.jetty.project.csv
374158,338151,../data/eclipse/org.eclipse.hudson.core.csv
376081,376081,../data/gnu-git/gawk.csv
376452,376262,../data/apache/shindig.csv
379254,379254,../data/eclipse/org.eclipse.virgo.eclipse-mirror.csv
380043,380043,../data/gnu-svn/pigeoncide.csv
380400,378714,../data/apache/geronimo-yoko.csv
385238,366940,../data/apache/directory-shared.csv
386136,379049,../data/eclipse/eclipse.csv
388170,388170,../data/eclipse/org.eclipse.mtj.git.old.csv
388809,388809,../data/eclipse/org.eclipse.vjet.dltk.csv
391964,391964,../data/eclipse/virgo.csv
392590,392590,../data/apache/flex-falcon.csv
394919,394919,../data/gnu-svn/avr-libc.csv
395333,395333,../data/eclipse/org.eclipse.datatools.modelbase.csv
402803,402803,../data/gnu-git/weechat.csv
405229,368741,../data/gnu-git/miscfiles.csv
407691,396161,../data/apache/xalan-j.csv
412523,234387,../data/apache/struts-sandbox.csv
413213,386959,../data/apache/forrest.csv
415407,393730,../data/apache/directory-server.csv
415732,403869,../data/sourceware/cygwin.csv
416662,416662,../data/eclipse/smila.csv
418018,237746,../data/gnu-git/gnowsys.csv
418120,407373,../data/apache/tapestry4.csv
419953,419953,../data/master.csv
419958,292490,../data/sourceware/cluster.csv
420484,420484,../data/eclipse/datatools.csv
421014,421008,../data/eclipse/org.eclipse.gmf-runtime.csv
421648,291613,../data/apache/roller.csv
422376,422376,../data/eclipse/org.eclipse.scout.rt.csv
423070,371237,../data/gnu-git/liquidwar6.csv
427580,427580,../data/apache/tomcat60.csv
430070,355878,../data/apache/activemq-cpp.csv
431678,383632,../data/apache/cayenne.csv
432743,421368,../data/gnu-git/libidn.csv
433005,433005,../data/apache/xalan-c.csv
435181,353795,../data/gnu-git/gnugo.csv
438452,438452,../data/apache/accumulo.csv
439446,387873,../data/apache/ant.csv
441308,425839,../data/eclipse/eclipse.platform.team.csv
442489,442489,../data/eclipse/org.eclipse.ecf.csv
442712,442070,../data/apache/wave.csv
444722,419464,../data/gnu-git/gsasl.csv
450693,450693,../data/eclipse/org.eclipse.stardust.ui.web.csv
459616,458009,../data/gnu-git/denemo.csv
459831,459831,../data/apache/maven-plugins.csv
465284,465284,../data/gnu-git/pspp.csv
466464,466464,../data/eclipse/org.eclipse.bpel.csv
472291,431596,../data/eclipse/org.eclipse.ajdt.csv
472715,246834,../data/eclipse/org.eclipse.recommenders.3rd.csv
484033,349248,../data/gnu-svn/linphone.csv
485886,475003,../data/eclipse/org.eclipse.cdt.old.csv
489101,489101,../data/eclipse/org.eclipse.jdt.core.csv
489504,489504,../data/eclipse/org.aspectj.shadows.csv
491904,491904,../data/apache/flex-site.csv
492857,492857,../data/apache/bloodhound.csv
496675,496675,../data/gnu-git/gsl.csv
504045,504045,../data/apache/struts2.csv
510724,510724,../data/eclipse/org.eclipse.dltk.core.csv
512180,512180,../data/apache/directory-studio.csv
512446,512446,../data/apache/wicket.csv
513384,367742,../data/apache/ambari.csv
516995,214439,../data/apache/cordova-windows.csv
518715,518715,../data/gnu-svn/qemu.csv
526345,526345,../data/eclipse/org.eclipse.qvto.csv
526948,413941,../data/gnu-svn/ddd.csv
527707,527707,../data/eclipse/org.eclipse.lyo.dependencies.csv
530645,530645,../data/apache/batik.csv
532054,532054,../data/apache/pig.csv
535731,535731,../data/apache/tapestry-5.csv
538062,419426,../data/apache/hadoop-mapreduce.csv
538491,493600,../data/gnu-git/gnumach.csv
538605,538605,../data/apache/tomcat70.csv
544642,544642,../data/eclipse/org.eclipse.etrice.csv
545072,531552,../data/eclipse/org.eclipse.tm.csv
546154,522185,../data/apache/activemq.csv
554296,554296,../data/gnu-git/tbk.csv
559368,559368,../data/eclipse/org.eclipse.stardust.ide.csv
559973,397905,../data/eclipse/buckminster.csv
560173,560173,../data/gnu-svn/gtkcad.csv
562150,562150,../data/apache/tomcat.csv
563803,556613,../data/eclipse/org.eclipse.jubula.core.csv
567404,567404,../data/gnu-git/bash.csv
568229,431696,../data/apache/trafficserver.csv
578643,361233,../data/apache/axis2-c.csv
585023,554699,../data/gnu-git/ppl.csv
594420,594111,../data/eclipse/eclipse.pde.ui.csv
594605,594167,../data/eclipse/webtools.jsf.csv
608066,163447,../data/gnu-git/shishi.csv
612008,611484,../data/eclipse/webtools.jsf.docs.csv
612513,612402,../data/gnu-git/guile.csv
613400,613400,../data/mining/git.csv
614742,614742,../data/gnu-svn/brahms.csv
617436,225060,../data/gnu-svn/sdx.csv
618913,618913,../data/apache/stanbol.csv
620959,620959,../data/gnu-git/nmh.csv
622366,622366,../data/sourceware/pcpfans.csv
622617,588548,../data/apache/poi.csv
628661,487845,../data/eclipse/org.eclipse.sca.tools.csv
630483,630483,../data/gnu-svn/objectify.csv
636199,636199,../data/apache/jackrabbit.csv
640541,640526,../data/eclipse/org.eclipse.acceleo.csv
646120,646120,../data/gnu-git/sather.csv
646954,646954,../data/gnu-git/qemu.csv
650497,650497,../data/eclipse/org.eclipse.webtools.incubator.csv
650661,483805,../data/eclipse/rt.equinox.p2.cudf.csv
654144,654144,../data/gnu-git/pnet.csv
655145,592411,../data/apache/fop.csv
668862,668862,../data/apache/geronimo.csv
671601,568465,../data/eclipse/org.eclipse.linuxtools.csv
674154,674154,../data/gnu-git/libiconv.csv
674952,674952,../data/gnu-git/mit-scheme.csv
678882,149185,../data/gnu-git/libcvd.csv
682780,622278,../data/gnu-git/smalltalk.csv
685468,549203,../data/eclipse/webtools.jsdt.tests.csv
693699,356143,../data/apache/jmeter.csv
694869,562257,../data/apache/odftoolkit.csv
701992,559550,../data/apache/cordova-docs.csv
708561,680711,../data/apache/clerezza.csv
715794,715794,../data/eclipse/webtools.sourceediting.csv
716883,716883,../data/gnu-svn/swarm.csv
720738,720738,../data/eclipse/org.eclipse.atl.csv
722972,285151,../data/apache/struts1.csv
729639,234646,../data/gnu-git/coreutils.csv
737352,737352,../data/gnu-svn/electric.csv
747802,747802,../data/gnu-git/gnash.csv
753168,730147,../data/apache/axis2-java.csv
754964,754964,../data/gnu-git/freemediatools.csv
755998,272272,../data/eclipse/rt.equinox.incubator.csv
765574,758912,../data/apache/river.csv
771813,771813,../data/eclipse/org.eclipse.epf.archive.csv
779252,779252,../data/eclipse/org.eclipse.epf.plugins.csv
786889,786889,../data/eclipse/org.eclipse.epf.prototype.csv
787929,787929,../data/apache/openjpa.csv
789819,786066,../data/eclipse/webtools.webservices.csv
793016,793016,../data/eclipse/org.eclipse.pdt.csv
796204,481863,../data/apache/xerces-c.csv
800571,800571,../data/eclipse/webtools.javaee.csv
803478,803478,../data/gnu-git/pnetlib.csv
804911,804911,../data/apache/tuscany-sca-1.x.csv
806488,806488,../data/apache/httpd.csv
807261,807261,../data/eclipse/org.eclipse.emf.texo.csv
814574,814574,../data/gnu-svn/braintacle.csv
815728,815728,../data/apache/tomee.csv
821121,792712,../data/gnu-git/gnutls.csv
825906,825906,../data/apache/hbase.csv
831839,545388,../data/eclipse/webtools.releng.csv
832896,625624,../data/mining/django.csv
834781,834781,../data/eclipse/b3.csv
839822,769186,../data/eclipse/org.eclipse.rmf.csv
849640,849640,../data/eclipse/org.eclipse.migration.csv
857273,857273,../data/eclipse/incquery.csv
857657,856994,../data/gnu-git/gcide.csv
859802,859802,../data/drupal.csv
871699,871699,../data/eclipse/org.eclipse.stem.data.csv
882557,767675,../data/apache/cocoon.csv
894918,894918,../data/gnu-svn/texmacs.csv
910039,714509,../data/gnu-git/bibledit.csv
911813,882267,../data/mining/spring-framework.csv
920015,803720,../data/apache/lucene.net.csv
922899,902727,../data/gimp_c.csv
927985,927985,../data/gnu-git/gnulib.csv
929103,906909,../data/apache/qpid.csv
935023,935023,../data/eclipse/org.eclipse.stem.csv
936552,810551,../data/sourceware/frysk.csv
948497,948497,../data/eclipse/org.eclipse.qvtd.csv
958055,958055,../data/eclipse/org.eclipse.damos.csv
958318,958318,../data/apache/felix.csv
984735,908193,../data/apache/openejb.csv
985458,388783,../data/gnu-git/smc.csv
1040524,933956,../data/eclipse/org.eclipse.ptp.csv
1044326,864407,../data/gnu-git/gettext.csv
1051049,449594,../data/gnu-git/fonts.csv
1087315,565935,../data/apache/tuscany-sca-2.x.csv
1186665,496488,../data/apache/axis1.csv
1243627,602188,../data/eclipse/org.eclipse.emf.compare.csv
1296751,518354,../data/eclipse/org.eclipse.eef.csv
1550499,303534,../data/gnu-svn/pyformex.csv
1550597,315982,../data/gnu-git/pyformex.csv
1561872,836766,../data/eclipse/webtools.jsdt.core.csv
2972403,159817,../data/apache/mesos.csv
1011496,1011496,../data/apache/bigtop.csv
1041270,1041270,../data/apache/cxf.csv
1042231,1038749,../data/apache/subversion.csv
1044154,1044154,../data/eclipse/org.eclipse.epf.composer.csv
1051647,1051647,../data/eclipse/org.eclipse.gmf-tooling.csv
1061412,1061412,../data/gnu-git/lilypond.csv
1063312,1063312,../data/eclipse/eclipse.jdt.ui.csv
1082174,1082174,../data/eclipse/org.eclipse.rap.csv
1087723,1057565,../data/apache/jena.csv
1121156,1121156,../data/apache/lucene-solr.csv
1147407,1146640,../data/eclipse/ecf.csv
1155069,1155069,../data/eclipse/webtools.dali.csv
1175334,1175118,../data/apache/stdcxx.csv
1196919,1196919,../data/apache/camel.csv
1207246,1207246,../data/eclipse/eclipse.platform.ui.csv
1216869,1216869,../data/eclipse/org.eclipse.emf.csv
1226595,1226138,../data/apache/webservices-commons-xmlschema.csv
1228955,1181793,../data/eclipse/eclipse.platform.swt.csv
1240000,1240000,../data/impact_fms.csv
1250952,1250952,../data/eclipse/org.aspectj.csv
1279342,1279342,../data/gnu-git/dolibarr.csv
1284187,1279457,../data/eclipse/org.eclipse.gmf-tooling.uml2tools.csv
1289581,1289581,../data/eclipse/webtools.csv
1290344,1258159,../data/gnu-svn/freefont.csv
1316329,1316329,../data/eclipse/org.eclipse.vjet.core.csv
1319302,1166519,../data/eclipse/org.eclipse.tigerstripe.csv
1340067,1340067,../data/eclipse/org.eclipse.edt.csv
1349205,1342920,../data/eclipse/webtools.sourceediting.xpath.tests.csv
1354367,1354367,../data/apache/hive.csv
1424793,1424752,../data/eclipse/org.eclipse.osee.csv
1457319,1416184,../data/gnu-git/silpa.csv
1458040,1389084,../data/apache/zetacomponents.csv
1464279,1333951,../data/eclipse/org.eclipse.emf.teneo.csv
1469520,1388316,../data/jboss-as-v7.csv
1502098,1494502,../data/eclipse/org.eclipse.stardust.engine.csv
1522461,1522461,../data/eclipse/org.eclipse.uml2.test.csv
1524889,1524889,../data/eclipse/org.eclipse.uml2.git.040612.csv
1539803,1502127,../data/apache/synapse.csv
1549662,1549662,../data/eclipse/org.eclipse.uml2.csv
1565320,1565320,../data/eclipse/eclipse.jdt.core.csv
1583873,1583498,../data/r-project.csv
1620041,1556858,../data/eclipse/org.eclipse.tptp.test-results.csv
1636278,1636278,../data/ruby.csv
1639516,1639516,../data/eclipse/org.eclipse.emf.cdo1.csv
1644157,1631808,../data/cpython.csv
1700839,1631684,../data/eclipse/org.eclipse.ocl.csv
1703179,1703179,../data/mining/mongo.csv
1739064,1738743,../data/apache/derby.csv
1758915,1758915,../data/apache/incubator-cloudstack.csv
1812312,1719359,../data/apache/hadoop-common.csv
1823231,1823231,../data/gnu-git/classpath.csv
1845295,1027050,../data/sourceware/dyninstfans.csv
1888166,1888166,../data/apache/ofbiz.csv
1915675,1915675,../data/sourceware/newlib.csv
1939908,1939908,../data/gnu-git/ghostscript.csv
1957505,1957505,../data/eclipse/org.eclipse.cdt.git.150113.csv
2011354,2011354,../data/eclipse/org.eclipse.cdt.csv
2018515,1934062,../data/eclipse/org.eclipse.amp.csv
2036459,2036459,../data/perl.csv
2080264,2019838,../data/eclipse/org.eclipse.objectteams.csv
2122105,1000383,../data/asterisk.csv
2152389,2152389,../data/eclipse/org.eclipse.tptp.platform.csv
2166424,2166424,../data/eclipse/cdo.csv
2278511,2278511,../data/mining/node.csv
2338715,2338715,../data/eclipse/org.eclipse.stem.data.earthscience.csv
2339095,2238320,../data/gnu-svn/ordbanken.csv
2400000,2400000,../data/impact_reservoir.csv
2475322,2475322,../data/php-src.csv
2529552,2529227,../data/apache/harmony.csv
2599208,2599208,../data/postgresql.csv
2648770,2648770,../data/gnu-svn/rapid.csv
2695931,2695931,../data/eclipse/eclipselink.runtime.csv
2810218,2422727,../data/eclipse/org.eclipse.sequoyah.csv
2812727,1074650,../data/jboss-as-to-v6.csv
2873347,2675043,../data/blender.csv
2966622,2966622,../data/sourceware/glibc.csv
3294286,3294286,../data/eclipse/org.eclipse.birt.csv
3444360,3430513,../data/inkscape.csv
3578358,3575178,../data/gnu-git/freeon.csv
3615718,3541676,../data/gnu-git/emacs.csv
3700470,3700470,../data/gnu-svn/cybop.csv
4226794,4226794,../data/eclipse/epf.csv
4294959,4294959,../data/wine.csv
4378527,4378527,../data/sourceware/binutils.csv
4574328,4433897,../data/eclipse/org.eclipse.xtext.csv
4766040,4766040,../data/apache/flex-sdk.csv
4844190,4844190,../data/sourceware/gdb.csv
4844203,4844203,../data/gdb.csv
5112295,5112295,../data/eclipse/org.eclipse.mtj.csv
5459392,5459392,../data/unix.csv
5839711,1901921,../data/gnu-svn/texinfo.prev.csv
5839711,1905847,../data/gnu-svn/texinfo.csv
6619460,6619460,../data/gnu-git/axiom.csv
6836325,6836325,../data/mysql-server.csv
7887230,7887045,../data/eclipse/tptp.csv
7900000,7900000,../data/impact_tomtom.csv
8918756,8918756,../data/gnu-git/pythonwebkit.csv
9500000,9500000,../data/impact_mr.csv
12292124,12292124,../data/eclipse/eclipselink.csv
12400000,12400000,../data/impact_copier.csv
12791788,12791788,../data/gnu-git/fsmap.csv
13227843,13227843,../data/gcc.csv
13700521,13700521,../data/mozilla-central.csv
14906987,14906987,../data/linux.csv
16647372,13753439,../data/netbeans.csv
23140033,23140033,../data/apache/flex-whiteboard.csv
24469771,24469771,../data/oo.csv
57774685,57774685,../data/kde.csv
129908856,129908856,../data/gnome.csv
